timestamp_kst,lot_name,available
2025-10-17T15:41:01+09:00,수지노외 공영주차장,2
2025-10-17T15:44:37+09:00,수지노외 공영주차장,3
2025-10-17T16:14:43+09:00,수지노외 공영주차장,3
2025-10-17T16:28:39+09:00,수지노외 공영주차장,2
2025-10-17T18:16:29+09:00,수지노외 공영주차장,2
2025-10-17T18:52:17+09:00,수지노외 공영주차장,4
2025-10-17T19:16:11+09:00,수지노외 공영주차장,3
2025-10-17T19:38:54+09:00,수지노외 공영주차장,5
2025-10-17T19:55:19+09:00,수지노외 공영주차장,3
2025-10-17T20:12:43+09:00,수지노외 공영주차장,4
2025-10-17T20:29:20+09:00,수지노외 공영주차장,4
2025-10-17T20:52:17+09:00,수지노외 공영주차장,3
2025-10-17T21:19:38+09:00,수지노외 공영주차장,5
2025-10-17T22:00:55+09:00,수지노외 공영주차장,7
2025-10-17T22:33:46+09:00,수지노외 공영주차장,13
2025-10-17T22:46:52+09:00,수지노외 공영주차장,12
2025-10-17T22:56:12+09:00,수지노외 공영주차장,12
2025-10-17T23:18:16+09:00,수지노외 공영주차장,14
2025-10-17T23:52:11+09:00,수지노외 공영주차장,15
2025-10-18T00:09:48+09:00,수지노외 공영주차장,18
2025-10-18T00:54:44+09:00,수지노외 공영주차장,18
2025-10-18T01:18:49+09:00,수지노외 공영주차장,19
2025-10-18T02:11:57+09:00,수지노외 공영주차장,19
2025-10-18T02:31:16+09:00,수지노외 공영주차장,20
2025-10-18T05:54:23+09:00,수지노외 공영주차장,20
2025-10-18T06:12:48+09:00,수지노외 공영주차장,18
2025-10-18T06:29:11+09:00,수지노외 공영주차장,18
2025-10-18T06:52:17+09:00,수지노외 공영주차장,15
2025-10-18T07:43:46+09:00,수지노외 공영주차장,13
2025-10-18T07:52:51+09:00,수지노외 공영주차장,11
2025-10-18T08:09:59+09:00,수지노외 공영주차장,9
2025-10-18T08:26:21+09:00,수지노외 공영주차장,5
2025-10-18T08:36:56+09:00,수지노외 공영주차장,3
2025-10-18T08:55:53+09:00,수지노외 공영주차장,3
2025-10-18T11:34:37+09:00,수지노외 공영주차장,2
2025-10-18T14:14:00+09:00,수지노외 공영주차장,2
2025-10-18T14:43:08+09:00,수지노외 공영주차장,5
2025-10-18T15:52:58+09:00,수지노외 공영주차장,3
2025-10-18T16:10:01+09:00,수지노외 공영주차장,4
2025-10-18T16:26:02+09:00,수지노외 공영주차장,6
2025-10-18T16:36:32+09:00,수지노외 공영주차장,6
2025-10-18T16:46:09+09:00,수지노외 공영주차장,4
2025-10-18T16:55:12+09:00,수지노외 공영주차장,4
2025-10-18T17:19:45+09:00,수지노외 공영주차장,6
2025-10-18T17:39:23+09:00,수지노외 공영주차장,6
2025-10-18T17:52:11+09:00,수지노외 공영주차장,7
2025-10-18T18:38:36+09:00,수지노외 공영주차장,4
2025-10-18T18:51:30+09:00,수지노외 공영주차장,6
2025-10-18T19:07:52+09:00,수지노외 공영주차장,8
2025-10-18T19:30:53+09:00,수지노외 공영주차장,9
2025-10-18T19:53:11+09:00,수지노외 공영주차장,6
2025-10-18T20:09:02+09:00,수지노외 공영주차장,8
2025-10-18T20:35:32+09:00,수지노외 공영주차장,9
2025-10-18T20:54:32+09:00,수지노외 공영주차장,7
2025-10-18T21:27:38+09:00,수지노외 공영주차장,6
2025-10-18T22:51:59+09:00,수지노외 공영주차장,15
2025-10-18T23:07:42+09:00,수지노외 공영주차장,15
2025-10-18T23:27:35+09:00,수지노외 공영주차장,16
2025-10-19T00:07:34+09:00,수지노외 공영주차장,16
2025-10-19T00:36:42+09:00,수지노외 공영주차장,17
2025-10-19T01:19:10+09:00,수지노외 공영주차장,18
2025-10-19T01:38:16+09:00,수지노외 공영주차장,19
2025-10-19T05:31:26+09:00,수지노외 공영주차장,19
2025-10-19T05:52:46+09:00,수지노외 공영주차장,18
2025-10-19T06:45:00+09:00,수지노외 공영주차장,18
2025-10-19T06:54:23+09:00,수지노외 공영주차장,17
2025-10-19T07:32:02+09:00,수지노외 공영주차장,14
2025-10-19T07:43:04+09:00,수지노외 공영주차장,12
2025-10-19T07:52:32+09:00,수지노외 공영주차장,10
2025-10-19T08:26:03+09:00,수지노외 공영주차장,6
2025-10-19T08:36:30+09:00,수지노외 공영주차장,6
2025-10-19T08:45:47+09:00,수지노외 공영주차장,5
2025-10-19T11:57:45+09:00,수지노외 공영주차장,2
2025-10-19T12:46:37+09:00,수지노외 공영주차장,5
2025-10-19T13:32:15+09:00,수지노외 공영주차장,2
2025-10-19T13:46:24+09:00,수지노외 공영주차장,3
2025-10-19T13:55:55+09:00,수지노외 공영주차장,2
2025-10-19T14:53:50+09:00,수지노외 공영주차장,2
2025-10-19T15:43:05+09:00,수지노외 공영주차장,5
2025-10-19T16:09:53+09:00,수지노외 공영주차장,5
2025-10-19T16:25:15+09:00,수지노외 공영주차장,3
2025-10-19T16:35:54+09:00,수지노외 공영주차장,3
2025-10-19T16:54:30+09:00,수지노외 공영주차장,2
2025-10-19T17:47:27+09:00,수지노외 공영주차장,2
2025-10-19T19:12:30+09:00,수지노외 공영주차장,3
2025-10-19T19:33:12+09:00,수지노외 공영주차장,2
2025-10-19T19:52:10+09:00,수지노외 공영주차장,3
2025-10-19T20:22:24+09:00,수지노외 공영주차장,2
2025-10-19T20:35:30+09:00,수지노외 공영주차장,4
2025-10-19T20:44:56+09:00,수지노외 공영주차장,3
2025-10-19T20:54:05+09:00,수지노외 공영주차장,2
2025-10-19T21:51:37+09:00,수지노외 공영주차장,5
2025-10-19T22:13:41+09:00,수지노외 공영주차장,8
2025-10-19T22:32:14+09:00,수지노외 공영주차장,9
2025-10-19T22:55:41+09:00,수지노외 공영주차장,13
2025-10-19T23:41:55+09:00,수지노외 공영주차장,17
2025-10-19T23:49:39+09:00,수지노외 공영주차장,18
2025-10-20T00:23:49+09:00,수지노외 공영주차장,19
2025-10-20T00:31:56+09:00,수지노외 공영주차장,20
2025-10-20T03:33:47+09:00,수지노외 공영주차장,20
2025-10-20T03:54:28+09:00,수지노외 공영주차장,19
2025-10-20T05:45:34+09:00,수지노외 공영주차장,19
2025-10-20T05:53:25+09:00,수지노외 공영주차장,18
2025-10-20T07:09:57+09:00,수지노외 공영주차장,18
2025-10-20T07:28:58+09:00,수지노외 공영주차장,12
2025-10-20T07:39:54+09:00,수지노외 공영주차장,14
2025-10-20T07:55:10+09:00,수지노외 공영주차장,14
2025-10-20T08:11:01+09:00,수지노외 공영주차장,12
2025-10-20T08:26:23+09:00,수지노외 공영주차장,10
2025-10-20T08:36:03+09:00,수지노외 공영주차장,7
2025-10-20T08:51:44+09:00,수지노외 공영주차장,2
2025-10-20T08:58:36+09:00,수지노외 공영주차장,2
2025-10-20T12:22:16+09:00,수지노외 공영주차장,3
2025-10-20T12:57:07+09:00,수지노외 공영주차장,2
2025-10-20T14:43:52+09:00,수지노외 공영주차장,2
2025-10-20T14:52:02+09:00,수지노외 공영주차장,3
2025-10-20T15:00:11+09:00,수지노외 공영주차장,3
2025-10-20T15:40:03+09:00,수지노외 공영주차장,2
2025-10-20T15:55:32+09:00,수지노외 공영주차장,2
2025-10-20T16:12:50+09:00,수지노외 공영주차장,3
2025-10-20T16:30:15+09:00,수지노외 공영주차장,2
2025-10-20T16:41:11+09:00,수지노외 공영주차장,2
2025-10-20T16:48:45+09:00,수지노외 공영주차장,3
2025-10-20T16:56:27+09:00,수지노외 공영주차장,3
2025-10-20T17:36:10+09:00,수지노외 공영주차장,2
2025-10-20T17:51:02+09:00,수지노외 공영주차장,3
2025-10-20T18:31:11+09:00,수지노외 공영주차장,5
2025-10-20T18:52:16+09:00,수지노외 공영주차장,8
2025-10-20T18:59:31+09:00,수지노외 공영주차장,8
2025-10-20T19:31:16+09:00,수지노외 공영주차장,9
2025-10-20T19:46:31+09:00,수지노외 공영주차장,9
2025-10-20T20:09:44+09:00,수지노외 공영주차장,12
2025-10-20T20:26:34+09:00,수지노외 공영주차장,12
2025-10-20T20:36:47+09:00,수지노외 공영주차장,14
2025-10-20T20:52:23+09:00,수지노외 공영주차장,14
2025-10-20T21:56:21+09:00,수지노외 공영주차장,4
2025-10-20T22:36:17+09:00,수지노외 공영주차장,13
2025-10-20T23:27:32+09:00,수지노외 공영주차장,13
2025-10-20T23:42:33+09:00,수지노외 공영주차장,15
2025-10-20T23:52:07+09:00,수지노외 공영주차장,15
2025-10-21T00:48:27+09:00,수지노외 공영주차장,17
2025-10-21T00:56:07+09:00,수지노외 공영주차장,17
2025-10-21T01:34:07+09:00,수지노외 공영주차장,19
2025-10-21T03:00:19+09:00,수지노외 공영주차장,19
2025-10-21T03:55:28+09:00,수지노외 공영주차장,20
2025-10-21T04:25:43+09:00,수지노외 공영주차장,19
2025-10-21T04:49:15+09:00,수지노외 공영주차장,19
2025-10-21T04:57:17+09:00,수지노외 공영주차장,20
2025-10-21T05:31:10+09:00,수지노외 공영주차장,20
2025-10-21T05:44:16+09:00,수지노외 공영주차장,19
2025-10-21T05:52:58+09:00,수지노외 공영주차장,18
2025-10-21T05:59:47+09:00,수지노외 공영주차장,18
2025-10-21T06:24:41+09:00,수지노외 공영주차장,17
2025-10-21T06:35:15+09:00,수지노외 공영주차장,16
2025-10-21T06:43:47+09:00,수지노외 공영주차장,18
2025-10-21T06:58:33+09:00,수지노외 공영주차장,18
2025-10-21T07:25:27+09:00,수지노외 공영주차장,15
2025-10-21T07:38:13+09:00,수지노외 공영주차장,14
2025-10-21T07:46:55+09:00,수지노외 공영주차장,14
2025-10-21T07:54:21+09:00,수지노외 공영주차장,11
2025-10-21T08:25:35+09:00,수지노외 공영주차장,6
2025-10-21T08:34:38+09:00,수지노외 공영주차장,3
2025-10-21T08:42:27+09:00,수지노외 공영주차장,3
2025-10-21T08:49:23+09:00,수지노외 공영주차장,4
2025-10-21T08:56:21+09:00,수지노외 공영주차장,3
2025-10-21T09:47:53+09:00,수지노외 공영주차장,2
2025-10-21T10:37:46+09:00,수지노외 공영주차장,2
2025-10-21T10:43:30+09:00,수지노외 공영주차장,3
2025-10-21T10:48:49+09:00,수지노외 공영주차장,2
2025-10-21T13:56:33+09:00,수지노외 공영주차장,2
2025-10-21T14:14:57+09:00,수지노외 공영주차장,1
2025-10-21T14:27:25+09:00,수지노외 공영주차장,2
2025-10-21T14:48:48+09:00,수지노외 공영주차장,2
2025-10-21T14:56:38+09:00,수지노외 공영주차장,1
2025-10-21T15:21:19+09:00,수지노외 공영주차장,2
2025-10-21T15:26:50+09:00,수지노외 공영주차장,1
2025-10-21T17:09:43+09:00,수지노외 공영주차장,1
2025-10-21T17:13:56+09:00,수지노외 공영주차장,2
2025-10-21T17:20:18+09:00,수지노외 공영주차장,1
2025-10-21T17:27:14+09:00,수지노외 공영주차장,1
2025-10-21T17:32:41+09:00,수지노외 공영주차장,2
2025-10-21T17:37:43+09:00,수지노외 공영주차장,1
2025-10-21T17:43:59+09:00,수지노외 공영주차장,2
2025-10-21T18:14:01+09:00,수지노외 공영주차장,2
2025-10-21T18:20:14+09:00,수지노외 공영주차장,4
2025-10-21T18:33:24+09:00,수지노외 공영주차장,5
2025-10-21T18:43:33+09:00,수지노외 공영주차장,4
2025-10-21T18:56:49+09:00,수지노외 공영주차장,5
2025-10-21T19:07:35+09:00,수지노외 공영주차장,4
2025-10-21T19:13:36+09:00,수지노외 공영주차장,4
2025-10-21T19:26:32+09:00,수지노외 공영주차장,7
2025-10-21T19:40:17+09:00,수지노외 공영주차장,8
2025-10-21T19:50:56+09:00,수지노외 공영주차장,7
2025-10-21T19:56:42+09:00,수지노외 공영주차장,6
2025-10-21T20:07:32+09:00,수지노외 공영주차장,11
2025-10-21T20:12:41+09:00,수지노외 공영주차장,10
2025-10-21T20:33:23+09:00,수지노외 공영주차장,12
2025-10-21T20:37:37+09:00,수지노외 공영주차장,11
2025-10-21T20:44:05+09:00,수지노외 공영주차장,10
2025-10-21T20:49:17+09:00,수지노외 공영주차장,11
2025-10-21T21:00:23+09:00,수지노외 공영주차장,9
2025-10-21T21:07:58+09:00,수지노외 공영주차장,10
2025-10-21T21:19:26+09:00,수지노외 공영주차장,11
2025-10-21T21:26:43+09:00,수지노외 공영주차장,11
2025-10-21T21:29:40+09:00,수지노외 공영주차장,10
2025-10-21T21:43:54+09:00,수지노외 공영주차장,7
2025-10-21T21:49:11+09:00,수지노외 공영주차장,7
2025-10-21T22:07:55+09:00,수지노외 공영주차장,12
2025-10-21T22:13:56+09:00,수지노외 공영주차장,13
2025-10-21T22:19:37+09:00,수지노외 공영주차장,14
2025-10-21T22:26:54+09:00,수지노외 공영주차장,15
2025-10-21T22:33:26+09:00,수지노외 공영주차장,15
2025-10-21T22:43:50+09:00,수지노외 공영주차장,18
2025-10-21T23:14:53+09:00,수지노외 공영주차장,18
2025-10-21T23:32:58+09:00,수지노외 공영주차장,19
2025-10-21T23:56:26+09:00,수지노외 공영주차장,19
2025-10-22T00:13:25+09:00,수지노외 공영주차장,20
2025-10-22T01:49:12+09:00,수지노외 공영주차장,20
2025-10-22T02:08:31+09:00,수지노외 공영주차장,21
2025-10-22T05:19:23+09:00,수지노외 공영주차장,21
2025-10-22T05:27:15+09:00,수지노외 공영주차장,20
2025-10-22T05:43:42+09:00,수지노외 공영주차장,20
2025-10-22T05:48:43+09:00,수지노외 공영주차장,19
2025-10-22T06:27:00+09:00,수지노외 공영주차장,19
2025-10-22T06:37:46+09:00,수지노외 공영주차장,18
2025-10-22T06:43:32+09:00,수지노외 공영주차장,19
2025-10-22T06:56:31+09:00,수지노외 공영주차장,17
2025-10-22T07:08:12+09:00,수지노외 공영주차장,14
2025-10-22T07:14:30+09:00,수지노외 공영주차장,12
2025-10-22T07:19:53+09:00,수지노외 공영주차장,11
2025-10-22T07:32:39+09:00,수지노외 공영주차장,12
2025-10-22T07:48:53+09:00,수지노외 공영주차장,12
2025-10-22T07:56:59+09:00,수지노외 공영주차장,11
2025-10-22T08:07:50+09:00,수지노외 공영주차장,9
2025-10-22T08:13:27+09:00,수지노외 공영주차장,9
2025-10-22T08:26:38+09:00,수지노외 공영주차장,4
2025-10-22T08:33:14+09:00,수지노외 공영주차장,4
2025-10-22T08:37:48+09:00,수지노외 공영주차장,3
2025-10-22T08:43:38+09:00,수지노외 공영주차장,2
2025-10-22T09:37:52+09:00,수지노외 공영주차장,2
2025-10-22T09:44:12+09:00,수지노외 공영주차장,3
2025-10-22T09:57:12+09:00,수지노외 공영주차장,2
2025-10-22T10:48:38+09:00,수지노외 공영주차장,2
2025-10-22T10:56:29+09:00,수지노외 공영주차장,3
2025-10-22T11:13:53+09:00,수지노외 공영주차장,3
2025-10-22T11:19:42+09:00,수지노외 공영주차장,4
2025-10-22T11:32:45+09:00,수지노외 공영주차장,2
2025-10-22T11:48:47+09:00,수지노외 공영주차장,2
2025-10-22T11:56:38+09:00,수지노외 공영주차장,3
2025-10-22T12:06:30+09:00,수지노외 공영주차장,2
2025-10-22T13:13:34+09:00,수지노외 공영주차장,2
2025-10-22T13:17:34+09:00,수지노외 공영주차장,3
2025-10-22T13:19:43+09:00,수지노외 공영주차장,3
2025-10-22T13:38:21+09:00,수지노외 공영주차장,4
2025-10-22T13:44:08+09:00,수지노외 공영주차장,2
2025-10-22T13:48:57+09:00,수지노외 공영주차장,2
2025-10-22T13:56:41+09:00,수지노외 공영주차장,1
2025-10-22T14:27:07+09:00,수지노외 공영주차장,1
2025-10-22T14:33:26+09:00,수지노외 공영주차장,2
2025-10-22T14:37:51+09:00,수지노외 공영주차장,3
2025-10-22T14:44:00+09:00,수지노외 공영주차장,2
2025-10-22T14:48:42+09:00,수지노외 공영주차장,2
2025-10-22T15:08:17+09:00,수지노외 공영주차장,4
2025-10-22T15:14:01+09:00,수지노외 공영주차장,3
2025-10-22T15:21:59+09:00,수지노외 공영주차장,3
2025-10-22T15:26:29+09:00,수지노외 공영주차장,2
2025-10-22T15:43:54+09:00,수지노외 공영주차장,2
2025-10-22T15:49:14+09:00,수지노외 공영주차장,3
2025-10-22T16:07:45+09:00,수지노외 공영주차장,2
2025-10-22T16:32:59+09:00,수지노외 공영주차장,2
2025-10-22T16:49:12+09:00,수지노외 공영주차장,3
2025-10-22T16:57:10+09:00,수지노외 공영주차장,2
2025-10-22T17:44:15+09:00,수지노외 공영주차장,2
2025-10-22T17:56:30+09:00,수지노외 공영주차장,4
2025-10-22T18:08:07+09:00,수지노외 공영주차장,3
2025-10-22T18:14:03+09:00,수지노외 공영주차장,2
2025-10-22T18:16:55+09:00,수지노외 공영주차장,2
2025-10-22T18:32:57+09:00,수지노외 공영주차장,3
2025-10-22T18:56:41+09:00,수지노외 공영주차장,2
2025-10-22T19:07:27+09:00,수지노외 공영주차장,6
2025-10-22T19:14:19+09:00,수지노외 공영주차장,5
2025-10-22T19:19:54+09:00,수지노외 공영주차장,6
2025-10-22T19:27:05+09:00,수지노외 공영주차장,5
2025-10-22T19:43:56+09:00,수지노외 공영주차장,4
2025-10-22T19:48:58+09:00,수지노외 공영주차장,4
2025-10-22T19:57:20+09:00,수지노외 공영주차장,3
2025-10-22T20:07:33+09:00,수지노외 공영주차장,5
2025-10-22T20:12:56+09:00,수지노외 공영주차장,7
2025-10-22T20:20:15+09:00,수지노외 공영주차장,8
2025-10-22T20:26:34+09:00,수지노외 공영주차장,8
2025-10-22T20:37:52+09:00,수지노외 공영주차장,6
2025-10-22T20:49:13+09:00,수지노외 공영주차장,7
2025-10-22T21:13:33+09:00,수지노외 공영주차장,7
2025-10-22T21:19:56+09:00,수지노외 공영주차장,11
2025-10-22T21:29:20+09:00,수지노외 공영주차장,11
2025-10-22T21:38:03+09:00,수지노외 공영주차장,12
2025-10-22T21:48:49+09:00,수지노외 공영주차장,9
2025-10-22T22:08:03+09:00,수지노외 공영주차장,10
2025-10-22T22:20:22+09:00,수지노외 공영주차장,14
2025-10-22T22:29:24+09:00,수지노외 공영주차장,13
2025-10-22T22:33:14+09:00,수지노외 공영주차장,15
2025-10-22T22:37:39+09:00,수지노외 공영주차장,16
2025-10-22T22:48:57+09:00,수지노외 공영주차장,17
2025-10-22T22:57:09+09:00,수지노외 공영주차장,16
2025-10-22T23:08:18+09:00,수지노외 공영주차장,18
2025-10-22T23:15:54+09:00,수지노외 공영주차장,19
2025-10-22T23:20:02+09:00,수지노외 공영주차장,20
2025-10-23T00:07:42+09:00,수지노외 공영주차장,20
2025-10-23T00:13:43+09:00,수지노외 공영주차장,21
2025-10-23T00:32:47+09:00,수지노외 공영주차장,22
2025-10-23T00:57:01+09:00,수지노외 공영주차장,22
2025-10-23T01:07:53+09:00,수지노외 공영주차장,21
2025-10-23T01:19:54+09:00,수지노외 공영주차장,21
2025-10-23T01:26:52+09:00,수지노외 공영주차장,22
2025-10-23T05:26:59+09:00,수지노외 공영주차장,22
2025-10-23T05:38:05+09:00,수지노외 공영주차장,21
2025-10-23T05:43:49+09:00,수지노외 공영주차장,21
2025-10-23T05:57:07+09:00,수지노외 공영주차장,20
2025-10-23T06:26:28+09:00,수지노외 공영주차장,20
2025-10-23T06:37:53+09:00,수지노외 공영주차장,21
2025-10-23T06:44:05+09:00,수지노외 공영주차장,20
2025-10-23T06:48:33+09:00,수지노외 공영주차장,20
2025-10-23T07:08:02+09:00,수지노외 공영주차장,15
2025-10-23T07:11:23+09:00,수지노외 공영주차장,14
2025-10-23T07:20:16+09:00,수지노외 공영주차장,13
2025-10-23T07:26:42+09:00,수지노외 공영주차장,12
2025-10-23T07:32:38+09:00,수지노외 공영주차장,11
2025-10-23T07:37:47+09:00,수지노외 공영주차장,11
2025-10-23T07:56:33+09:00,수지노외 공영주차장,12
2025-10-23T08:08:00+09:00,수지노외 공영주차장,10
2025-10-23T08:14:08+09:00,수지노외 공영주차장,9
2025-10-23T08:19:27+09:00,수지노외 공영주차장,10
2025-10-23T08:26:39+09:00,수지노외 공영주차장,7
2025-10-23T08:32:50+09:00,수지노외 공영주차장,5
2025-10-23T08:37:52+09:00,수지노외 공영주차장,5
2025-10-23T08:48:26+09:00,수지노외 공영주차장,4
2025-10-23T09:08:05+09:00,수지노외 공영주차장,2
2025-10-23T10:48:56+09:00,수지노외 공영주차장,2
2025-10-23T11:07:51+09:00,수지노외 공영주차장,3
2025-10-23T11:26:57+09:00,수지노외 공영주차장,2
2025-10-23T12:38:01+09:00,수지노외 공영주차장,2
2025-10-23T12:48:37+09:00,수지노외 공영주차장,3
2025-10-23T13:07:57+09:00,수지노외 공영주차장,2
2025-10-23T13:16:49+09:00,수지노외 공영주차장,2
2025-10-23T13:19:36+09:00,수지노외 공영주차장,1
2025-10-23T13:26:39+09:00,수지노외 공영주차장,1
2025-10-23T13:33:05+09:00,수지노외 공영주차장,2
2025-10-23T15:08:07+09:00,수지노외 공영주차장,2
2025-10-23T15:13:40+09:00,수지노외 공영주차장,3
2025-10-23T15:21:24+09:00,수지노외 공영주차장,2
2025-10-23T15:56:34+09:00,수지노외 공영주차장,2
2025-10-23T16:07:55+09:00,수지노외 공영주차장,3
2025-10-23T16:14:22+09:00,수지노외 공영주차장,3
2025-10-23T16:19:52+09:00,수지노외 공영주차장,2
2025-10-23T16:26:41+09:00,수지노외 공영주차장,1
2025-10-23T16:32:53+09:00,수지노외 공영주차장,2
2025-10-23T16:43:36+09:00,수지노외 공영주차장,3
2025-10-23T16:48:35+09:00,수지노외 공영주차장,2
2025-10-23T16:57:06+09:00,수지노외 공영주차장,1
2025-10-23T17:08:04+09:00,수지노외 공영주차장,1
2025-10-23T17:14:19+09:00,수지노외 공영주차장,2
2025-10-23T17:20:00+09:00,수지노외 공영주차장,3
2025-10-23T17:27:04+09:00,수지노외 공영주차장,2
2025-10-23T19:07:25+09:00,수지노외 공영주차장,2
2025-10-23T19:16:33+09:00,수지노외 공영주차장,3
2025-10-23T19:20:19+09:00,수지노외 공영주차장,4
2025-10-23T19:27:05+09:00,수지노외 공영주차장,3
2025-10-23T19:32:49+09:00,수지노외 공영주차장,2
2025-10-23T19:56:52+09:00,수지노외 공영주차장,2
2025-10-23T20:33:08+09:00,수지노외 공영주차장,5
2025-10-23T20:38:28+09:00,수지노외 공영주차장,4
2025-10-23T20:49:24+09:00,수지노외 공영주차장,3
2025-10-23T21:13:53+09:00,수지노외 공영주차장,4
2025-10-23T21:29:07+09:00,수지노외 공영주차장,3
2025-10-23T21:32:54+09:00,수지노외 공영주차장,4
2025-10-23T21:37:30+09:00,수지노외 공영주차장,3
2025-10-23T22:13:45+09:00,수지노외 공영주차장,9
2025-10-23T22:38:15+09:00,수지노외 공영주차장,13
2025-10-23T22:56:32+09:00,수지노외 공영주차장,15
2025-10-23T23:07:24+09:00,수지노외 공영주차장,15
2025-10-23T23:19:49+09:00,수지노외 공영주차장,16
2025-10-23T23:49:25+09:00,수지노외 공영주차장,16
2025-10-24T00:07:39+09:00,수지노외 공영주차장,18
2025-10-24T00:16:42+09:00,수지노외 공영주차장,19
2025-10-24T05:13:44+09:00,수지노외 공영주차장,19
2025-10-24T05:15:47+09:00,수지노외 공영주차장,20
2025-10-24T05:19:38+09:00,수지노외 공영주차장,20
2025-10-24T05:32:37+09:00,수지노외 공영주차장,19
2025-10-24T05:44:02+09:00,수지노외 공영주차장,17
2025-10-24T05:48:30+09:00,수지노외 공영주차장,16
2025-10-24T05:57:20+09:00,수지노외 공영주차장,14
2025-10-24T06:13:45+09:00,수지노외 공영주차장,14
2025-10-24T06:32:37+09:00,수지노외 공영주차장,13
2025-10-24T06:38:19+09:00,수지노외 공영주차장,13
2025-10-24T06:49:17+09:00,수지노외 공영주차장,12
2025-10-24T06:56:47+09:00,수지노외 공영주차장,10
2025-10-24T07:14:15+09:00,수지노외 공영주차장,11
2025-10-24T07:32:42+09:00,수지노외 공영주차장,9
2025-10-24T07:43:41+09:00,수지노외 공영주차장,9
2025-10-24T08:12:26+09:00,수지노외 공영주차장,3
2025-10-24T08:13:38+09:00,수지노외 공영주차장,3
2025-10-24T08:20:13+09:00,수지노외 공영주차장,2
2025-10-24T08:49:05+09:00,수지노외 공영주차장,2
2025-10-24T08:56:58+09:00,수지노외 공영주차장,5
2025-10-24T09:08:03+09:00,수지노외 공영주차장,2
2025-10-24T09:43:54+09:00,수지노외 공영주차장,2
2025-10-24T09:49:15+09:00,수지노외 공영주차장,3
2025-10-24T10:00:27+09:00,수지노외 공영주차장,2
2025-10-24T10:48:50+09:00,수지노외 공영주차장,2
2025-10-24T10:56:56+09:00,수지노외 공영주차장,3
2025-10-24T11:08:00+09:00,수지노외 공영주차장,2
2025-10-24T11:19:52+09:00,수지노외 공영주차장,2
2025-10-24T11:22:33+09:00,수지노외 공영주차장,3
2025-10-24T11:27:16+09:00,수지노외 공영주차장,3
2025-10-24T11:32:41+09:00,수지노외 공영주차장,4
2025-10-24T11:44:17+09:00,수지노외 공영주차장,3
2025-10-24T12:14:22+09:00,수지노외 공영주차장,3
2025-10-24T12:20:20+09:00,수지노외 공영주차장,4
2025-10-24T12:26:55+09:00,수지노외 공영주차장,5
2025-10-24T12:30:34+09:00,수지노외 공영주차장,5
2025-10-24T12:38:23+09:00,수지노외 공영주차장,3
2025-10-24T12:43:43+09:00,수지노외 공영주차장,4
2025-10-24T13:14:24+09:00,수지노외 공영주차장,4
2025-10-24T13:17:12+09:00,수지노외 공영주차장,3
2025-10-24T13:20:18+09:00,수지노외 공영주차장,4
2025-10-24T13:27:09+09:00,수지노외 공영주차장,4
2025-10-24T13:37:50+09:00,수지노외 공영주차장,5
2025-10-24T13:44:06+09:00,수지노외 공영주차장,3
2025-10-24T13:57:20+09:00,수지노외 공영주차장,2
2025-10-24T14:48:27+09:00,수지노외 공영주차장,2
2025-10-24T14:56:56+09:00,수지노외 공영주차장,3
2025-10-24T15:13:25+09:00,수지노외 공영주차장,2
2025-10-24T15:19:33+09:00,수지노외 공영주차장,3
2025-10-24T15:26:36+09:00,수지노외 공영주차장,3
2025-10-24T15:33:26+09:00,수지노외 공영주차장,4
2025-10-24T15:38:04+09:00,수지노외 공영주차장,4
2025-10-24T15:44:20+09:00,수지노외 공영주차장,3
2025-10-24T15:49:24+09:00,수지노외 공영주차장,2
2025-10-24T17:33:05+09:00,수지노외 공영주차장,2
2025-10-24T17:38:06+09:00,수지노외 공영주차장,3
2025-10-24T17:48:41+09:00,수지노외 공영주차장,3
2025-10-24T17:56:48+09:00,수지노외 공영주차장,5
2025-10-24T18:08:18+09:00,수지노외 공영주차장,6
2025-10-24T18:26:40+09:00,수지노외 공영주차장,6
2025-10-24T18:32:53+09:00,수지노외 공영주차장,2
2025-10-24T18:37:47+09:00,수지노외 공영주차장,2
2025-10-24T18:43:56+09:00,수지노외 공영주차장,3
2025-10-24T18:48:27+09:00,수지노외 공영주차장,3
2025-10-24T19:07:22+09:00,수지노외 공영주차장,2
2025-10-24T19:13:52+09:00,수지노외 공영주차장,3
2025-10-24T19:16:21+09:00,수지노외 공영주차장,2
2025-10-24T19:26:37+09:00,수지노외 공영주차장,2
2025-10-24T19:32:48+09:00,수지노외 공영주차장,3
2025-10-24T19:43:45+09:00,수지노외 공영주차장,4
2025-10-24T19:48:43+09:00,수지노외 공영주차장,6
2025-10-24T19:57:10+09:00,수지노외 공영주차장,6
2025-10-24T20:08:04+09:00,수지노외 공영주차장,5
2025-10-24T20:19:29+09:00,수지노외 공영주차장,4
2025-10-24T20:27:08+09:00,수지노외 공영주차장,7
2025-10-24T20:37:33+09:00,수지노외 공영주차장,10
2025-10-24T20:43:27+09:00,수지노외 공영주차장,8
2025-10-24T21:08:05+09:00,수지노외 공영주차장,6
2025-10-24T21:14:22+09:00,수지노외 공영주차장,7
2025-10-24T21:19:29+09:00,수지노외 공영주차장,6
2025-10-24T21:26:58+09:00,수지노외 공영주차장,7
2025-10-24T21:32:38+09:00,수지노외 공영주차장,7
2025-10-24T21:37:32+09:00,수지노외 공영주차장,8
2025-10-24T21:43:37+09:00,수지노외 공영주차장,8
2025-10-24T21:48:42+09:00,수지노외 공영주차장,4
2025-10-24T22:08:22+09:00,수지노외 공영주차장,12
2025-10-24T22:26:45+09:00,수지노외 공영주차장,17
2025-10-24T22:33:08+09:00,수지노외 공영주차장,18
2025-10-24T22:43:31+09:00,수지노외 공영주차장,18
2025-10-24T22:48:48+09:00,수지노외 공영주차장,19
2025-10-24T22:57:09+09:00,수지노외 공영주차장,18
2025-10-25T00:56:38+09:00,수지노외 공영주차장,18
2025-10-25T01:07:25+09:00,수지노외 공영주차장,19
2025-10-25T04:57:03+09:00,수지노외 공영주차장,19
2025-10-25T05:08:23+09:00,수지노외 공영주차장,18
2025-10-25T05:13:58+09:00,수지노외 공영주차장,17
2025-10-25T05:37:51+09:00,수지노외 공영주차장,17
2025-10-25T05:48:31+09:00,수지노외 공영주차장,16
2025-10-25T05:56:57+09:00,수지노외 공영주차장,14
2025-10-25T06:12:24+09:00,수지노외 공영주차장,14
2025-10-25T06:14:30+09:00,수지노외 공영주차장,15
2025-10-25T06:19:51+09:00,수지노외 공영주차장,14
2025-10-25T06:48:40+09:00,수지노외 공영주차장,14
2025-10-25T07:08:15+09:00,수지노외 공영주차장,12
2025-10-25T07:20:20+09:00,수지노외 공영주차장,11
2025-10-25T07:33:21+09:00,수지노외 공영주차장,11
2025-10-25T07:48:45+09:00,수지노외 공영주차장,10
2025-10-25T08:08:10+09:00,수지노외 공영주차장,8
2025-10-25T08:12:52+09:00,수지노외 공영주차장,6
2025-10-25T08:26:57+09:00,수지노외 공영주차장,6
2025-10-25T08:43:39+09:00,수지노외 공영주차장,2
2025-10-25T11:27:06+09:00,수지노외 공영주차장,2
2025-10-25T11:38:15+09:00,수지노외 공영주차장,3
2025-10-25T11:44:25+09:00,수지노외 공영주차장,2
2025-10-25T11:57:18+09:00,수지노외 공영주차장,2
2025-10-25T12:07:42+09:00,수지노외 공영주차장,4
2025-10-25T12:26:53+09:00,수지노외 공영주차장,2
2025-10-25T13:08:24+09:00,수지노외 공영주차장,2
2025-10-25T13:15:47+09:00,수지노외 공영주차장,3
2025-10-25T13:20:24+09:00,수지노외 공영주차장,2
2025-10-25T14:07:44+09:00,수지노외 공영주차장,2
2025-10-25T14:14:20+09:00,수지노외 공영주차장,3
2025-10-25T14:20:20+09:00,수지노외 공영주차장,3
2025-10-25T14:33:21+09:00,수지노외 공영주차장,2
2025-10-25T14:37:30+09:00,수지노외 공영주차장,2
2025-10-25T14:43:29+09:00,수지노외 공영주차장,3
2025-10-25T15:08:24+09:00,수지노외 공영주차장,3
2025-10-25T15:13:39+09:00,수지노외 공영주차장,2
2025-10-25T15:43:35+09:00,수지노외 공영주차장,2
2025-10-25T15:48:41+09:00,수지노외 공영주차장,3
2025-10-25T15:56:36+09:00,수지노외 공영주차장,2
2025-10-25T16:07:50+09:00,수지노외 공영주차장,2
2025-10-25T16:20:08+09:00,수지노외 공영주차장,4
2025-10-25T16:44:16+09:00,수지노외 공영주차장,4
2025-10-25T16:57:12+09:00,수지노외 공영주차장,5
2025-10-25T17:08:03+09:00,수지노외 공영주차장,4
2025-10-25T17:13:25+09:00,수지노외 공영주차장,6
2025-10-25T17:16:19+09:00,수지노외 공영주차장,5
2025-10-25T17:19:47+09:00,수지노외 공영주차장,7
2025-10-25T17:32:37+09:00,수지노외 공영주차장,8
2025-10-25T17:37:38+09:00,수지노외 공영주차장,8
2025-10-25T17:43:37+09:00,수지노외 공영주차장,6
2025-10-25T17:49:09+09:00,수지노외 공영주차장,3
2025-10-25T18:14:14+09:00,수지노외 공영주차장,6
2025-10-25T18:19:34+09:00,수지노외 공영주차장,5
2025-10-25T18:32:39+09:00,수지노외 공영주차장,4
2025-10-25T18:43:45+09:00,수지노외 공영주차장,4
2025-10-25T18:48:52+09:00,수지노외 공영주차장,5
2025-10-25T18:57:00+09:00,수지노외 공영주차장,4
2025-10-25T19:13:52+09:00,수지노외 공영주차장,4
2025-10-25T19:27:06+09:00,수지노외 공영주차장,5
2025-10-25T19:32:47+09:00,수지노외 공영주차장,5
2025-10-25T19:38:07+09:00,수지노외 공영주차장,4
2025-10-25T19:56:55+09:00,수지노외 공영주차장,3
2025-10-25T20:13:24+09:00,수지노외 공영주차장,3
2025-10-25T20:33:24+09:00,수지노외 공영주차장,7
2025-10-25T20:37:47+09:00,수지노외 공영주차장,6
2025-10-25T20:43:59+09:00,수지노외 공영주차장,8
2025-10-25T21:13:52+09:00,수지노외 공영주차장,5
2025-10-25T21:19:36+09:00,수지노외 공영주차장,6
2025-10-25T21:24:35+09:00,수지노외 공영주차장,5
2025-10-25T21:38:07+09:00,수지노외 공영주차장,4
2025-10-25T21:43:49+09:00,수지노외 공영주차장,7
2025-10-25T21:49:28+09:00,수지노외 공영주차장,5
2025-10-25T22:13:30+09:00,수지노외 공영주차장,11
2025-10-25T22:26:51+09:00,수지노외 공영주차장,16
2025-10-25T22:44:18+09:00,수지노외 공영주차장,17
2025-10-25T22:48:59+09:00,수지노외 공영주차장,18
2025-10-25T22:56:44+09:00,수지노외 공영주차장,18
2025-10-25T23:07:57+09:00,수지노외 공영주차장,17
2025-10-25T23:11:50+09:00,수지노외 공영주차장,17
2025-10-25T23:13:59+09:00,수지노외 공영주차장,19
2025-10-25T23:19:40+09:00,수지노외 공영주차장,19
2025-10-25T23:32:56+09:00,수지노외 공영주차장,18
2025-10-25T23:49:29+09:00,수지노외 공영주차장,18
2025-10-25T23:57:07+09:00,수지노외 공영주차장,17
2025-10-26T00:07:57+09:00,수지노외 공영주차장,18
2025-10-26T00:26:36+09:00,수지노외 공영주차장,18
2025-10-26T00:32:28+09:00,수지노외 공영주차장,19
2025-10-26T02:07:30+09:00,수지노외 공영주차장,19
2025-10-26T02:20:00+09:00,수지노외 공영주차장,20
2025-10-26T05:48:41+09:00,수지노외 공영주차장,20
2025-10-26T05:57:07+09:00,수지노외 공영주차장,19
2025-10-26T06:19:59+09:00,수지노외 공영주차장,19
2025-10-26T06:27:01+09:00,수지노외 공영주차장,18
2025-10-26T06:32:29+09:00,수지노외 공영주차장,18
2025-10-26T06:57:13+09:00,수지노외 공영주차장,17
2025-10-26T07:20:14+09:00,수지노외 공영주차장,13
2025-10-26T07:37:51+09:00,수지노외 공영주차장,11
2025-10-26T07:48:36+09:00,수지노외 공영주차장,11
2025-10-26T07:57:18+09:00,수지노외 공영주차장,10
2025-10-26T08:14:10+09:00,수지노외 공영주차장,10
2025-10-26T08:20:22+09:00,수지노외 공영주차장,12
2025-10-26T08:26:54+09:00,수지노외 공영주차장,12
2025-10-26T08:37:50+09:00,수지노외 공영주차장,9
2025-10-26T08:57:20+09:00,수지노외 공영주차장,6
2025-10-26T09:07:39+09:00,수지노외 공영주차장,5
2025-10-26T09:14:10+09:00,수지노외 공영주차장,6
2025-10-26T09:37:42+09:00,수지노외 공영주차장,6
2025-10-26T09:49:15+09:00,수지노외 공영주차장,2
2025-10-26T10:49:13+09:00,수지노외 공영주차장,2
2025-10-26T10:56:58+09:00,수지노외 공영주차장,5
2025-10-26T11:20:19+09:00,수지노외 공영주차장,5
2025-10-26T11:33:15+09:00,수지노외 공영주차장,4
2025-10-26T11:38:03+09:00,수지노외 공영주차장,4
2025-10-26T11:44:19+09:00,수지노외 공영주차장,2
2025-10-26T11:56:37+09:00,수지노외 공영주차장,2
2025-10-26T12:08:08+09:00,수지노외 공영주차장,4
2025-10-26T12:14:21+09:00,수지노외 공영주차장,2
2025-10-26T12:26:57+09:00,수지노외 공영주차장,5
2025-10-26T12:33:24+09:00,수지노외 공영주차장,5
2025-10-26T12:38:09+09:00,수지노외 공영주차장,4
2025-10-26T12:48:56+09:00,수지노외 공영주차장,4
2025-10-26T12:57:05+09:00,수지노외 공영주차장,3
2025-10-26T13:33:03+09:00,수지노외 공영주차장,3
2025-10-26T13:38:11+09:00,수지노외 공영주차장,2
2025-10-26T13:43:52+09:00,수지노외 공영주차장,2
2025-10-26T13:56:42+09:00,수지노외 공영주차장,6
2025-10-26T14:08:07+09:00,수지노외 공영주차장,8
2025-10-26T14:26:41+09:00,수지노외 공영주차장,9
2025-10-26T14:32:32+09:00,수지노외 공영주차장,7
2025-10-26T14:49:05+09:00,수지노외 공영주차장,3
2025-10-26T15:19:40+09:00,수지노외 공영주차장,3
2025-10-26T15:27:09+09:00,수지노외 공영주차장,5
2025-10-26T15:32:30+09:00,수지노외 공영주차장,5
2025-10-26T15:44:12+09:00,수지노외 공영주차장,4
2025-10-26T15:49:18+09:00,수지노외 공영주차장,7
2025-10-26T15:57:11+09:00,수지노외 공영주차장,9
2025-10-26T16:07:41+09:00,수지노외 공영주차장,8
2025-10-26T16:13:58+09:00,수지노외 공영주차장,8
2025-10-26T16:20:12+09:00,수지노외 공영주차장,7
2025-10-26T16:27:27+09:00,수지노외 공영주차장,5
2025-10-26T16:37:50+09:00,수지노외 공영주차장,6
2025-10-26T16:49:33+09:00,수지노외 공영주차장,6
2025-10-26T16:56:30+09:00,수지노외 공영주차장,5
2025-10-26T17:14:02+09:00,수지노외 공영주차장,4
2025-10-26T17:17:35+09:00,수지노외 공영주차장,4
2025-10-26T17:20:29+09:00,수지노외 공영주차장,5
2025-10-26T17:44:11+09:00,수지노외 공영주차장,5
2025-10-26T17:49:14+09:00,수지노외 공영주차장,4
2025-10-26T17:56:40+09:00,수지노외 공영주차장,5
2025-10-26T18:08:20+09:00,수지노외 공영주차장,7
2025-10-26T18:12:32+09:00,수지노외 공영주차장,7
2025-10-26T18:26:35+09:00,수지노외 공영주차장,6
2025-10-26T18:37:51+09:00,수지노외 공영주차장,5
2025-10-26T18:49:01+09:00,수지노외 공영주차장,6
2025-10-26T18:56:55+09:00,수지노외 공영주차장,7
2025-10-26T19:08:18+09:00,수지노외 공영주차장,8
2025-10-26T19:13:37+09:00,수지노외 공영주차장,6
2025-10-26T19:20:14+09:00,수지노외 공영주차장,6
2025-10-26T19:27:07+09:00,수지노외 공영주차장,7
2025-10-26T19:33:25+09:00,수지노외 공영주차장,6
2025-10-26T19:38:19+09:00,수지노외 공영주차장,7
2025-10-26T19:44:10+09:00,수지노외 공영주차장,7
2025-10-26T19:48:44+09:00,수지노외 공영주차장,6
2025-10-26T19:57:00+09:00,수지노외 공영주차장,6
2025-10-26T20:08:08+09:00,수지노외 공영주차장,5
2025-10-26T20:20:03+09:00,수지노외 공영주차장,5
2025-10-26T20:26:32+09:00,수지노외 공영주차장,3
2025-10-26T20:32:41+09:00,수지노외 공영주차장,4
2025-10-26T20:48:47+09:00,수지노외 공영주차장,3
2025-10-26T20:56:47+09:00,수지노외 공영주차장,4
2025-10-26T21:08:22+09:00,수지노외 공영주차장,3
2025-10-26T21:14:12+09:00,수지노외 공영주차장,5
2025-10-26T21:20:25+09:00,수지노외 공영주차장,4
2025-10-26T21:25:11+09:00,수지노외 공영주차장,5
2025-10-26T21:32:52+09:00,수지노외 공영주차장,5
2025-10-26T21:37:48+09:00,수지노외 공영주차장,6
2025-10-26T21:43:56+09:00,수지노외 공영주차장,7
2025-10-26T21:48:45+09:00,수지노외 공영주차장,6
2025-10-26T21:56:54+09:00,수지노외 공영주차장,5
2025-10-26T22:14:15+09:00,수지노외 공영주차장,12
2025-10-26T22:26:59+09:00,수지노외 공영주차장,12
2025-10-26T22:37:25+09:00,수지노외 공영주차장,13
2025-10-26T22:43:26+09:00,수지노외 공영주차장,13
2025-10-26T22:48:29+09:00,수지노외 공영주차장,14
2025-10-26T22:57:03+09:00,수지노외 공영주차장,14
2025-10-26T23:08:07+09:00,수지노외 공영주차장,15
2025-10-26T23:11:53+09:00,수지노외 공영주차장,16
2025-10-26T23:26:46+09:00,수지노외 공영주차장,17
2025-10-27T00:14:12+09:00,수지노외 공영주차장,17
2025-10-27T00:26:47+09:00,수지노외 공영주차장,18
2025-10-27T00:32:40+09:00,수지노외 공영주차장,18
2025-10-27T00:37:44+09:00,수지노외 공영주차장,19
2025-10-27T00:49:21+09:00,수지노외 공영주차장,21
2025-10-27T05:37:59+09:00,수지노외 공영주차장,21
2025-10-27T05:48:33+09:00,수지노외 공영주차장,20
2025-10-27T06:13:35+09:00,수지노외 공영주차장,20
2025-10-27T06:19:32+09:00,수지노외 공영주차장,19
2025-10-27T06:49:26+09:00,수지노외 공영주차장,19
2025-10-27T06:57:22+09:00,수지노외 공영주차장,18
2025-10-27T07:13:38+09:00,수지노외 공영주차장,15
2025-10-27T07:26:54+09:00,수지노외 공영주차장,16
2025-10-27T07:33:08+09:00,수지노외 공영주차장,16
2025-10-27T07:38:15+09:00,수지노외 공영주차장,15
2025-10-27T07:44:04+09:00,수지노외 공영주차장,16
2025-10-27T07:49:07+09:00,수지노외 공영주차장,16
2025-10-27T08:07:35+09:00,수지노외 공영주차장,15
2025-10-27T08:12:45+09:00,수지노외 공영주차장,15
2025-10-27T08:19:43+09:00,수지노외 공영주차장,13
2025-10-27T08:32:35+09:00,수지노외 공영주차장,9
2025-10-27T08:38:00+09:00,수지노외 공영주차장,9
2025-10-27T08:43:40+09:00,수지노외 공영주차장,4
2025-10-27T08:49:03+09:00,수지노외 공영주차장,5
2025-10-27T09:08:31+09:00,수지노외 공영주차장,2
2025-10-27T09:26:50+09:00,수지노외 공영주차장,2
2025-10-27T09:32:32+09:00,수지노외 공영주차장,3
2025-10-27T09:38:21+09:00,수지노외 공영주차장,3
2025-10-27T09:48:38+09:00,수지노외 공영주차장,2
2025-10-27T10:19:47+09:00,수지노외 공영주차장,2
2025-10-27T10:26:45+09:00,수지노외 공영주차장,1
2025-10-27T10:43:42+09:00,수지노외 공영주차장,2
2025-10-27T11:37:51+09:00,수지노외 공영주차장,2
2025-10-27T11:49:21+09:00,수지노외 공영주차장,3
2025-10-27T11:57:19+09:00,수지노외 공영주차장,2
2025-10-27T12:20:08+09:00,수지노외 공영주차장,2
2025-10-27T12:33:04+09:00,수지노외 공영주차장,3
2025-10-27T12:37:41+09:00,수지노외 공영주차장,3
2025-10-27T12:43:46+09:00,수지노외 공영주차장,2
2025-10-27T12:49:06+09:00,수지노외 공영주차장,2
2025-10-27T12:56:40+09:00,수지노외 공영주차장,4
2025-10-27T13:14:15+09:00,수지노외 공영주차장,2
2025-10-27T13:37:27+09:00,수지노외 공영주차장,2
2025-10-27T13:44:09+09:00,수지노외 공영주차장,3
2025-10-27T13:48:48+09:00,수지노외 공영주차장,3
2025-10-27T13:56:43+09:00,수지노외 공영주차장,2
2025-10-27T14:13:56+09:00,수지노외 공영주차장,4
2025-10-27T14:15:35+09:00,수지노외 공영주차장,4
2025-10-27T14:20:07+09:00,수지노외 공영주차장,3
2025-10-27T14:33:13+09:00,수지노외 공영주차장,3
2025-10-27T14:37:55+09:00,수지노외 공영주차장,4
2025-10-27T14:44:10+09:00,수지노외 공영주차장,3
2025-10-27T14:56:43+09:00,수지노외 공영주차장,3
2025-10-27T15:07:37+09:00,수지노외 공영주차장,2
2025-10-27T15:23:58+09:00,수지노외 공영주차장,3
2025-10-27T15:43:25+09:00,수지노외 공영주차장,3
2025-10-27T15:48:55+09:00,수지노외 공영주차장,2
2025-10-27T15:57:19+09:00,수지노외 공영주차장,2
2025-10-27T16:07:41+09:00,수지노외 공영주차장,3
2025-10-27T16:15:38+09:00,수지노외 공영주차장,3
2025-10-27T16:20:26+09:00,수지노외 공영주차장,2
2025-10-27T16:44:04+09:00,수지노외 공영주차장,2
2025-10-27T16:48:50+09:00,수지노외 공영주차장,3
2025-10-27T16:56:55+09:00,수지노외 공영주차장,3
2025-10-27T17:08:19+09:00,수지노외 공영주차장,5
2025-10-27T17:14:23+09:00,수지노외 공영주차장,6
2025-10-27T17:32:42+09:00,수지노외 공영주차장,7
2025-10-27T17:37:55+09:00,수지노외 공영주차장,6
2025-10-27T17:44:03+09:00,수지노외 공영주차장,6
2025-10-27T17:49:25+09:00,수지노외 공영주차장,5
2025-10-27T17:56:32+09:00,수지노외 공영주차장,6
2025-10-27T18:18:43+09:00,수지노외 공영주차장,7
2025-10-27T18:19:48+09:00,수지노외 공영주차장,8
2025-10-27T18:32:50+09:00,수지노외 공영주차장,2
2025-10-27T19:08:21+09:00,수지노외 공영주차장,2
2025-10-27T19:14:04+09:00,수지노외 공영주차장,3
2025-10-27T19:17:33+09:00,수지노외 공영주차장,2
2025-10-27T19:19:28+09:00,수지노외 공영주차장,3
2025-10-27T19:33:07+09:00,수지노외 공영주차장,3
2025-10-27T19:37:56+09:00,수지노외 공영주차장,5
2025-10-27T19:44:13+09:00,수지노외 공영주차장,4
2025-10-27T19:49:24+09:00,수지노외 공영주차장,3
2025-10-27T19:56:55+09:00,수지노외 공영주차장,4
2025-10-27T20:20:03+09:00,수지노외 공영주차장,4
2025-10-27T20:27:07+09:00,수지노외 공영주차장,5
2025-10-27T20:43:53+09:00,수지노외 공영주차장,5
2025-10-27T21:07:27+09:00,수지노외 공영주차장,8
2025-10-27T21:13:53+09:00,수지노외 공영주차장,8
2025-10-27T21:19:49+09:00,수지노외 공영주차장,9
2025-10-27T21:26:58+09:00,수지노외 공영주차장,7
2025-10-27T21:28:59+09:00,수지노외 공영주차장,7
2025-10-27T21:37:38+09:00,수지노외 공영주차장,6
2025-10-27T21:43:44+09:00,수지노외 공영주차장,5
2025-10-27T21:49:24+09:00,수지노외 공영주차장,6
2025-10-27T21:56:43+09:00,수지노외 공영주차장,6
2025-10-27T22:08:17+09:00,수지노외 공영주차장,12
2025-10-27T22:14:23+09:00,수지노외 공영주차장,13
2025-10-27T22:20:07+09:00,수지노외 공영주차장,12
2025-10-27T22:27:03+09:00,수지노외 공영주차장,13
2025-10-27T22:27:40+09:00,수지노외 공영주차장,13
2025-10-27T22:32:35+09:00,수지노외 공영주차장,12
2025-10-27T22:44:06+09:00,수지노외 공영주차장,14
2025-10-27T22:49:03+09:00,수지노외 공영주차장,16
2025-10-27T23:13:33+09:00,수지노외 공영주차장,16
2025-10-27T23:15:27+09:00,수지노외 공영주차장,17
2025-10-27T23:26:54+09:00,수지노외 공영주차장,18
2025-10-27T23:38:09+09:00,수지노외 공영주차장,19
2025-10-27T23:45:51+09:00,수지노외 공영주차장,19
2025-10-27T23:49:11+09:00,수지노외 공영주차장,20
2025-10-28T00:07:51+09:00,수지노외 공영주차장,20
2025-10-28T00:19:45+09:00,수지노외 공영주차장,21
2025-10-28T05:20:20+09:00,수지노외 공영주차장,21
2025-10-28T05:48:55+09:00,수지노외 공영주차장,19
2025-10-28T05:56:52+09:00,수지노외 공영주차장,19
2025-10-28T06:12:49+09:00,수지노외 공영주차장,18
2025-10-28T06:33:05+09:00,수지노외 공영주차장,18
2025-10-28T06:37:42+09:00,수지노외 공영주차장,19
2025-10-28T06:43:30+09:00,수지노외 공영주차장,18
2025-10-28T06:48:43+09:00,수지노외 공영주차장,18
2025-10-28T06:56:41+09:00,수지노외 공영주차장,16
2025-10-28T07:13:33+09:00,수지노외 공영주차장,16
2025-10-28T07:26:56+09:00,수지노외 공영주차장,15
2025-10-28T07:38:19+09:00,수지노외 공영주차장,14
2025-10-28T08:13:02+09:00,수지노외 공영주차장,14
2025-10-28T08:19:46+09:00,수지노외 공영주차장,11
2025-10-28T08:38:09+09:00,수지노외 공영주차장,5
2025-10-28T08:44:05+09:00,수지노외 공영주차장,4
2025-10-28T08:48:37+09:00,수지노외 공영주차장,4
2025-10-28T08:56:36+09:00,수지노외 공영주차장,1
2025-10-28T10:33:09+09:00,수지노외 공영주차장,1
2025-10-28T10:43:33+09:00,수지노외 공영주차장,2
2025-10-28T11:13:27+09:00,수지노외 공영주차장,2
2025-10-28T11:26:24+09:00,수지노외 공영주차장,3
2025-10-28T11:37:38+09:00,수지노외 공영주차장,2
2025-10-28T12:56:41+09:00,수지노외 공영주차장,2
2025-10-28T13:13:45+09:00,수지노외 공영주차장,3
2025-10-28T13:17:20+09:00,수지노외 공영주차장,4
2025-10-28T13:26:42+09:00,수지노외 공영주차장,4
2025-10-28T13:32:30+09:00,수지노외 공영주차장,3
2025-10-28T13:37:35+09:00,수지노외 공영주차장,2
2025-10-28T13:48:57+09:00,수지노외 공영주차장,2
2025-10-28T14:08:19+09:00,수지노외 공영주차장,3
2025-10-28T14:15:08+09:00,수지노외 공영주차장,3
2025-10-28T14:33:07+09:00,수지노외 공영주차장,2
2025-10-28T14:43:25+09:00,수지노외 공영주차장,2
2025-10-28T14:48:39+09:00,수지노외 공영주차장,3
2025-10-28T14:57:04+09:00,수지노외 공영주차장,2
2025-10-28T15:56:55+09:00,수지노외 공영주차장,2
2025-10-28T16:07:41+09:00,수지노외 공영주차장,3
2025-10-28T16:14:39+09:00,수지노외 공영주차장,2
2025-10-28T18:07:48+09:00,수지노외 공영주차장,2
2025-10-28T18:14:15+09:00,수지노외 공영주차장,3
2025-10-28T18:32:32+09:00,수지노외 공영주차장,3
2025-10-28T18:37:37+09:00,수지노외 공영주차장,4
2025-10-28T18:49:13+09:00,수지노외 공영주차장,4
2025-10-28T18:57:14+09:00,수지노외 공영주차장,5
2025-10-28T19:07:33+09:00,수지노외 공영주차장,6
2025-10-28T19:13:52+09:00,수지노외 공영주차장,2
2025-10-28T19:16:14+09:00,수지노외 공영주차장,4
2025-10-28T19:19:24+09:00,수지노외 공영주차장,3
2025-10-28T19:37:30+09:00,수지노외 공영주차장,3
2025-10-28T19:44:15+09:00,수지노외 공영주차장,4
2025-10-28T20:13:47+09:00,수지노외 공영주차장,7
2025-10-28T20:20:07+09:00,수지노외 공영주차장,7
2025-10-28T20:38:10+09:00,수지노외 공영주차장,11
2025-10-28T20:43:26+09:00,수지노외 공영주차장,11
2025-10-28T20:48:52+09:00,수지노외 공영주차장,12
2025-10-28T20:56:29+09:00,수지노외 공영주차장,10
2025-10-28T21:07:25+09:00,수지노외 공영주차장,9
2025-10-28T21:13:48+09:00,수지노외 공영주차장,7
2025-10-28T21:19:50+09:00,수지노외 공영주차장,6
2025-10-28T21:26:34+09:00,수지노외 공영주차장,7
2025-10-28T21:28:23+09:00,수지노외 공영주차장,7
2025-10-28T21:43:49+09:00,수지노외 공영주차장,8
2025-10-28T22:14:01+09:00,수지노외 공영주차장,17
2025-10-28T22:19:30+09:00,수지노외 공영주차장,18
2025-10-28T22:38:15+09:00,수지노외 공영주차장,18
2025-10-28T22:48:38+09:00,수지노외 공영주차장,20
2025-10-28T22:57:11+09:00,수지노외 공영주차장,19
2025-10-28T23:37:27+09:00,수지노외 공영주차장,19
2025-10-28T23:43:54+09:00,수지노외 공영주차장,20
2025-10-28T23:48:44+09:00,수지노외 공영주차장,20
2025-10-28T23:57:24+09:00,수지노외 공영주차장,19
2025-10-29T00:08:16+09:00,수지노외 공영주차장,20
2025-10-29T05:19:37+09:00,수지노외 공영주차장,20
2025-10-29T05:32:35+09:00,수지노외 공영주차장,19
2025-10-29T05:37:32+09:00,수지노외 공영주차장,19
2025-10-29T05:43:32+09:00,수지노외 공영주차장,18
2025-10-29T05:49:05+09:00,수지노외 공영주차장,18
2025-10-29T05:56:29+09:00,수지노외 공영주차장,16
2025-10-29T06:32:35+09:00,수지노외 공영주차장,16
2025-10-29T06:43:54+09:00,수지노외 공영주차장,15
2025-10-29T07:07:27+09:00,수지노외 공영주차장,15
2025-10-29T07:13:44+09:00,수지노외 공영주차장,12
2025-10-29T07:19:36+09:00,수지노외 공영주차장,11
2025-10-29T07:26:39+09:00,수지노외 공영주차장,11
2025-10-29T07:57:12+09:00,수지노외 공영주차장,5
2025-10-29T08:08:10+09:00,수지노외 공영주차장,2
2025-10-29T08:19:35+09:00,수지노외 공영주차장,2
2025-10-29T08:32:45+09:00,수지노외 공영주차장,4
2025-10-29T08:49:08+09:00,수지노외 공영주차장,2
2025-10-29T09:07:31+09:00,수지노외 공영주차장,2
2025-10-29T09:13:48+09:00,수지노외 공영주차장,1
2025-10-29T10:44:00+09:00,수지노외 공영주차장,1
2025-10-29T10:48:46+09:00,수지노외 공영주차장,2
2025-10-29T10:57:22+09:00,수지노외 공영주차장,2
2025-10-29T11:07:56+09:00,수지노외 공영주차장,3
2025-10-29T11:20:04+09:00,수지노외 공영주차장,2
2025-10-29T11:27:19+09:00,수지노외 공영주차장,2
2025-10-29T11:37:25+09:00,수지노외 공영주차장,1
2025-10-29T11:43:44+09:00,수지노외 공영주차장,2
2025-10-29T11:48:39+09:00,수지노외 공영주차장,2
2025-10-29T11:57:07+09:00,수지노외 공영주차장,1
2025-10-29T12:11:14+09:00,수지노외 공영주차장,1
2025-10-29T12:19:27+09:00,수지노외 공영주차장,2
2025-10-29T12:48:46+09:00,수지노외 공영주차장,2
2025-10-29T13:08:01+09:00,수지노외 공영주차장,3
2025-10-29T13:19:31+09:00,수지노외 공영주차장,3
2025-10-29T13:33:07+09:00,수지노외 공영주차장,1
2025-10-29T14:32:27+09:00,수지노외 공영주차장,1
2025-10-29T14:43:48+09:00,수지노외 공영주차장,2
2025-10-29T14:49:09+09:00,수지노외 공영주차장,2
2025-10-29T14:56:33+09:00,수지노외 공영주차장,1
2025-10-29T16:13:51+09:00,수지노외 공영주차장,1
2025-10-29T16:33:07+09:00,수지노외 공영주차장,2
2025-10-29T16:38:02+09:00,수지노외 공영주차장,1
2025-10-29T16:43:21+09:00,수지노외 공영주차장,2
2025-10-29T17:13:32+09:00,수지노외 공영주차장,2
2025-10-29T17:26:48+09:00,수지노외 공영주차장,3
2025-10-29T17:32:58+09:00,수지노외 공영주차장,4
2025-10-29T17:48:31+09:00,수지노외 공영주차장,4
2025-10-29T18:07:52+09:00,수지노외 공영주차장,2
2025-10-29T18:19:17+09:00,수지노외 공영주차장,2
2025-10-29T18:27:22+09:00,수지노외 공영주차장,3
2025-10-29T18:33:00+09:00,수지노외 공영주차장,3
2025-10-29T18:37:33+09:00,수지노외 공영주차장,4
2025-10-29T18:44:02+09:00,수지노외 공영주차장,6
2025-10-29T18:49:27+09:00,수지노외 공영주차장,4
2025-10-29T18:56:53+09:00,수지노외 공영주차장,4
2025-10-29T19:14:16+09:00,수지노외 공영주차장,5
2025-10-29T19:16:21+09:00,수지노외 공영주차장,5
2025-10-29T19:19:30+09:00,수지노외 공영주차장,3
2025-10-29T19:27:16+09:00,수지노외 공영주차장,3
2025-10-29T19:32:43+09:00,수지노외 공영주차장,2
2025-10-29T19:37:33+09:00,수지노외 공영주차장,2
2025-10-29T19:48:32+09:00,수지노외 공영주차장,3
2025-10-29T20:13:49+09:00,수지노외 공영주차장,3
2025-10-29T20:32:55+09:00,수지노외 공영주차장,9
2025-10-29T20:43:27+09:00,수지노외 공영주차장,5
2025-10-29T20:56:41+09:00,수지노외 공영주차장,7
2025-10-29T21:13:58+09:00,수지노외 공영주차장,4
2025-10-29T21:20:07+09:00,수지노외 공영주차장,6
2025-10-29T21:26:45+09:00,수지노외 공영주차장,7
2025-10-29T21:30:14+09:00,수지노외 공영주차장,7
2025-10-29T21:32:25+09:00,수지노외 공영주차장,6
2025-10-29T21:44:07+09:00,수지노외 공영주차장,2
2025-10-29T21:57:23+09:00,수지노외 공영주차장,2
2025-10-29T22:14:02+09:00,수지노외 공영주차장,12
2025-10-29T22:26:55+09:00,수지노외 공영주차장,11
2025-10-29T22:29:38+09:00,수지노외 공영주차장,11
2025-10-29T22:32:34+09:00,수지노외 공영주차장,10
2025-10-29T22:37:38+09:00,수지노외 공영주차장,9
2025-10-29T22:49:18+09:00,수지노외 공영주차장,9
2025-10-29T23:08:22+09:00,수지노외 공영주차장,12
2025-10-29T23:14:17+09:00,수지노외 공영주차장,13
2025-10-29T23:38:04+09:00,수지노외 공영주차장,13
2025-10-29T23:43:39+09:00,수지노외 공영주차장,12
2025-10-29T23:59:18+09:00,수지노외 공영주차장,13
2025-10-30T00:20:25+09:00,수지노외 공영주차장,16
2025-10-30T00:26:29+09:00,수지노외 공영주차장,16
2025-10-30T00:37:25+09:00,수지노외 공영주차장,17
2025-10-30T04:13:39+09:00,수지노외 공영주차장,17
2025-10-30T04:20:15+09:00,수지노외 공영주차장,18
2025-10-30T04:32:40+09:00,수지노외 공영주차장,18
2025-10-30T04:44:03+09:00,수지노외 공영주차장,19
2025-10-30T05:33:28+09:00,수지노외 공영주차장,19
2025-10-30T05:43:50+09:00,수지노외 공영주차장,18
2025-10-30T05:48:49+09:00,수지노외 공영주차장,17
2025-10-30T06:12:29+09:00,수지노외 공영주차장,16
2025-10-30T06:43:31+09:00,수지노외 공영주차장,16
2025-10-30T06:48:27+09:00,수지노외 공영주차장,17
2025-10-30T06:56:39+09:00,수지노외 공영주차장,17
2025-10-30T07:14:16+09:00,수지노외 공영주차장,14
2025-10-30T07:19:25+09:00,수지노외 공영주차장,13
2025-10-30T07:26:25+09:00,수지노외 공영주차장,13
2025-10-30T07:43:56+09:00,수지노외 공영주차장,7
2025-10-30T07:57:18+09:00,수지노외 공영주차장,7
2025-10-30T08:14:07+09:00,수지노외 공영주차장,5
2025-10-30T08:27:00+09:00,수지노외 공영주차장,5
2025-10-30T08:37:22+09:00,수지노외 공영주차장,2
2025-10-30T09:29:30+09:00,수지노외 공영주차장,2
2025-10-30T10:07:21+09:00,수지노외 공영주차장,3
2025-10-30T10:37:36+09:00,수지노외 공영주차장,3
2025-10-30T10:44:10+09:00,수지노외 공영주차장,2
2025-10-30T10:48:53+09:00,수지노외 공영주차장,2
2025-10-30T10:56:43+09:00,수지노외 공영주차장,3
2025-10-30T11:07:43+09:00,수지노외 공영주차장,3
2025-10-30T11:19:51+09:00,수지노외 공영주차장,1
2025-10-30T11:32:32+09:00,수지노외 공영주차장,1
2025-10-30T11:37:52+09:00,수지노외 공영주차장,2
2025-10-30T11:56:25+09:00,수지노외 공영주차장,2
2025-10-30T12:08:01+09:00,수지노외 공영주차장,1
2025-10-30T12:20:00+09:00,수지노외 공영주차장,1
2025-10-30T12:26:26+09:00,수지노외 공영주차장,2
2025-10-30T12:33:05+09:00,수지노외 공영주차장,3
2025-10-30T12:38:16+09:00,수지노외 공영주차장,3
2025-10-30T12:44:01+09:00,수지노외 공영주차장,4
2025-10-30T12:49:08+09:00,수지노외 공영주차장,3
2025-10-30T12:57:02+09:00,수지노외 공영주차장,2
2025-10-30T13:08:12+09:00,수지노외 공영주차장,3
2025-10-30T13:13:57+09:00,수지노외 공영주차장,2
2025-10-30T13:16:15+09:00,수지노외 공영주차장,2
2025-10-30T13:26:59+09:00,수지노외 공영주차장,3
2025-10-30T13:32:33+09:00,수지노외 공영주차장,3
2025-10-30T13:37:37+09:00,수지노외 공영주차장,4
2025-10-30T13:56:48+09:00,수지노외 공영주차장,4
2025-10-30T14:13:22+09:00,수지노외 공영주차장,5
2025-10-30T14:14:08+09:00,수지노외 공영주차장,5
2025-10-30T14:19:28+09:00,수지노외 공영주차장,4
2025-10-30T14:37:21+09:00,수지노외 공영주차장,4
2025-10-30T14:43:27+09:00,수지노외 공영주차장,2
2025-10-30T15:33:13+09:00,수지노외 공영주차장,2
2025-10-30T15:37:58+09:00,수지노외 공영주차장,3
2025-10-30T15:56:27+09:00,수지노외 공영주차장,2
2025-10-30T16:19:33+09:00,수지노외 공영주차장,2
2025-10-30T16:38:11+09:00,수지노외 공영주차장,5
2025-10-30T16:44:04+09:00,수지노외 공영주차장,3
2025-10-30T16:48:45+09:00,수지노외 공영주차장,3
2025-10-30T17:27:14+09:00,수지노외 공영주차장,2
2025-10-30T17:48:40+09:00,수지노외 공영주차장,3
2025-10-30T17:57:14+09:00,수지노외 공영주차장,2
2025-10-30T18:08:18+09:00,수지노외 공영주차장,2
2025-10-30T18:13:32+09:00,수지노외 공영주차장,3
2025-10-30T18:26:30+09:00,수지노외 공영주차장,2
2025-10-30T18:43:41+09:00,수지노외 공영주차장,2
2025-10-30T18:49:18+09:00,수지노외 공영주차장,4
2025-10-30T18:56:54+09:00,수지노외 공영주차장,2
2025-10-30T19:15:53+09:00,수지노외 공영주차장,2
2025-10-30T19:33:19+09:00,수지노외 공영주차장,3
2025-10-30T19:44:10+09:00,수지노외 공영주차장,2
2025-10-30T20:07:17+09:00,수지노외 공영주차장,4
2025-10-30T20:20:06+09:00,수지노외 공영주차장,8
2025-10-30T20:33:20+09:00,수지노외 공영주차장,9
2025-10-30T20:37:30+09:00,수지노외 공영주차장,9
2025-10-30T20:43:23+09:00,수지노외 공영주차장,10
2025-10-30T20:49:13+09:00,수지노외 공영주차장,7
2025-10-30T20:56:22+09:00,수지노외 공영주차장,6
2025-10-30T21:13:49+09:00,수지노외 공영주차장,7
2025-10-30T21:19:40+09:00,수지노외 공영주차장,6
2025-10-30T21:33:04+09:00,수지노외 공영주차장,6
2025-10-30T21:56:46+09:00,수지노외 공영주차장,2
2025-10-30T22:08:11+09:00,수지노외 공영주차장,8
2025-10-30T22:13:40+09:00,수지노외 공영주차장,10
2025-10-30T22:28:27+09:00,수지노외 공영주차장,9
2025-10-30T22:32:24+09:00,수지노외 공영주차장,9
2025-10-30T22:37:38+09:00,수지노외 공영주차장,11
2025-10-30T22:48:49+09:00,수지노외 공영주차장,12
2025-10-30T23:08:18+09:00,수지노외 공영주차장,12
2025-10-30T23:14:41+09:00,수지노외 공영주차장,13
2025-10-30T23:20:13+09:00,수지노외 공영주차장,14
2025-10-30T23:38:18+09:00,수지노외 공영주차장,16
2025-10-31T00:16:38+09:00,수지노외 공영주차장,16
2025-10-31T00:27:05+09:00,수지노외 공영주차장,17
2025-10-31T00:49:14+09:00,수지노외 공영주차장,17
2025-10-31T01:08:02+09:00,수지노외 공영주차장,18
2025-10-31T05:38:36+09:00,수지노외 공영주차장,18
2025-10-31T05:44:19+09:00,수지노외 공영주차장,17
2025-10-31T05:48:29+09:00,수지노외 공영주차장,16
2025-10-31T05:56:46+09:00,수지노외 공영주차장,14
2025-10-31T06:14:03+09:00,수지노외 공영주차장,14
2025-10-31T06:20:03+09:00,수지노외 공영주차장,13
2025-10-31T06:44:06+09:00,수지노외 공영주차장,13
2025-10-31T06:48:52+09:00,수지노외 공영주차장,14
2025-10-31T07:13:40+09:00,수지노외 공영주차장,14
2025-10-31T07:20:06+09:00,수지노외 공영주차장,13
2025-10-31T07:32:43+09:00,수지노외 공영주차장,13
2025-10-31T07:37:59+09:00,수지노외 공영주차장,12
2025-10-31T07:48:46+09:00,수지노외 공영주차장,13
2025-10-31T07:57:03+09:00,수지노외 공영주차장,13
2025-10-31T08:07:52+09:00,수지노외 공영주차장,11
2025-10-31T08:13:36+09:00,수지노외 공영주차장,7
2025-10-31T08:20:19+09:00,수지노외 공영주차장,4
2025-10-31T08:33:18+09:00,수지노외 공영주차장,3
2025-10-31T08:37:32+09:00,수지노외 공영주차장,3
2025-10-31T08:43:57+09:00,수지노외 공영주차장,2
2025-10-31T09:26:32+09:00,수지노외 공영주차장,2
2025-10-31T10:05:10+09:00,수지노외 공영주차장,3
2025-10-31T10:13:35+09:00,수지노외 공영주차장,3
2025-10-31T10:33:09+09:00,수지노외 공영주차장,2
2025-10-31T11:20:12+09:00,수지노외 공영주차장,2
2025-10-31T11:32:39+09:00,수지노외 공영주차장,3
2025-10-31T11:56:38+09:00,수지노외 공영주차장,3
2025-10-31T12:06:30+09:00,수지노외 공영주차장,1
2025-10-31T12:14:17+09:00,수지노외 공영주차장,1
2025-10-31T12:27:19+09:00,수지노외 공영주차장,2
2025-10-31T12:33:15+09:00,수지노외 공영주차장,3
2025-10-31T12:37:42+09:00,수지노외 공영주차장,3
2025-10-31T12:44:15+09:00,수지노외 공영주차장,2
2025-10-31T12:49:12+09:00,수지노외 공영주차장,2
2025-10-31T13:13:18+09:00,수지노외 공영주차장,3
2025-10-31T13:18:25+09:00,수지노외 공영주차장,2
2025-10-31T14:57:19+09:00,수지노외 공영주차장,2
2025-10-31T15:07:25+09:00,수지노외 공영주차장,3
2025-10-31T15:13:35+09:00,수지노외 공영주차장,2
2025-10-31T16:43:44+09:00,수지노외 공영주차장,2
2025-10-31T16:56:56+09:00,수지노외 공영주차장,3
2025-10-31T17:13:50+09:00,수지노외 공영주차장,2
2025-10-31T17:27:20+09:00,수지노외 공영주차장,2
2025-10-31T17:33:05+09:00,수지노외 공영주차장,3
2025-10-31T17:37:52+09:00,수지노외 공영주차장,3
2025-10-31T17:43:40+09:00,수지노외 공영주차장,2
2025-10-31T17:48:26+09:00,수지노외 공영주차장,2
2025-10-31T18:07:57+09:00,수지노외 공영주차장,4
2025-10-31T18:13:43+09:00,수지노외 공영주차장,6
2025-10-31T18:15:07+09:00,수지노외 공영주차장,7
2025-10-31T18:19:54+09:00,수지노외 공영주차장,6
2025-10-31T18:27:21+09:00,수지노외 공영주차장,6
2025-10-31T18:32:43+09:00,수지노외 공영주차장,5
2025-10-31T18:37:37+09:00,수지노외 공영주차장,4
2025-10-31T18:48:32+09:00,수지노외 공영주차장,5
2025-10-31T18:57:04+09:00,수지노외 공영주차장,4
2025-10-31T19:15:37+09:00,수지노외 공영주차장,3
2025-10-31T19:19:57+09:00,수지노외 공영주차장,3
2025-10-31T19:33:20+09:00,수지노외 공영주차장,5
2025-10-31T19:37:39+09:00,수지노외 공영주차장,4
2025-10-31T19:48:50+09:00,수지노외 공영주차장,5
2025-10-31T19:56:34+09:00,수지노외 공영주차장,5
2025-10-31T20:07:31+09:00,수지노외 공영주차장,3
2025-10-31T20:12:22+09:00,수지노외 공영주차장,2
2025-10-31T20:13:37+09:00,수지노외 공영주차장,3
2025-10-31T20:20:20+09:00,수지노외 공영주차장,4
2025-10-31T20:27:21+09:00,수지노외 공영주차장,7
2025-10-31T20:32:55+09:00,수지노외 공영주차장,5
2025-10-31T20:37:46+09:00,수지노외 공영주차장,3
2025-10-31T20:44:07+09:00,수지노외 공영주차장,5
2025-10-31T20:48:32+09:00,수지노외 공영주차장,5
2025-10-31T20:56:35+09:00,수지노외 공영주차장,3
2025-10-31T21:08:06+09:00,수지노외 공영주차장,5
2025-10-31T21:13:59+09:00,수지노외 공영주차장,5
2025-10-31T21:20:21+09:00,수지노외 공영주차장,4
2025-10-31T21:38:05+09:00,수지노외 공영주차장,4
2025-10-31T21:43:45+09:00,수지노외 공영주차장,2
2025-10-31T21:49:23+09:00,수지노외 공영주차장,3
2025-10-31T22:08:08+09:00,수지노외 공영주차장,4
2025-10-31T22:13:54+09:00,수지노외 공영주차장,7
2025-10-31T22:26:59+09:00,수지노외 공영주차장,10
2025-10-31T22:44:05+09:00,수지노외 공영주차장,12
2025-10-31T22:57:06+09:00,수지노외 공영주차장,12
2025-10-31T23:07:50+09:00,수지노외 공영주차장,13
2025-10-31T23:14:23+09:00,수지노외 공영주차장,13
2025-10-31T23:19:57+09:00,수지노외 공영주차장,14
2025-10-31T23:33:04+09:00,수지노외 공영주차장,15
2025-11-01T00:26:43+09:00,수지노외 공영주차장,15
2025-11-01T00:38:22+09:00,수지노외 공영주차장,16
2025-11-01T00:48:37+09:00,수지노외 공영주차장,16
2025-11-01T00:57:14+09:00,수지노외 공영주차장,18
2025-11-01T01:13:42+09:00,수지노외 공영주차장,19
2025-11-01T02:14:16+09:00,수지노외 공영주차장,19
2025-11-01T02:26:33+09:00,수지노외 공영주차장,18
2025-11-01T03:26:37+09:00,수지노외 공영주차장,18
2025-11-01T03:32:38+09:00,수지노외 공영주차장,19
2025-11-01T03:37:40+09:00,수지노외 공영주차장,19
2025-11-01T03:48:50+09:00,수지노외 공영주차장,18
2025-11-01T04:19:28+09:00,수지노외 공영주차장,18
2025-11-01T04:33:16+09:00,수지노외 공영주차장,19
2025-11-01T04:56:23+09:00,수지노외 공영주차장,19
2025-11-01T05:07:36+09:00,수지노외 공영주차장,18
2025-11-01T05:43:29+09:00,수지노외 공영주차장,18
2025-11-01T05:57:18+09:00,수지노외 공영주차장,16
2025-11-01T06:07:44+09:00,수지노외 공영주차장,16
2025-11-01T06:13:27+09:00,수지노외 공영주차장,17
2025-11-01T06:27:02+09:00,수지노외 공영주차장,15
2025-11-01T06:32:32+09:00,수지노외 공영주차장,15
2025-11-01T06:37:39+09:00,수지노외 공영주차장,14
2025-11-01T06:57:21+09:00,수지노외 공영주차장,14
2025-11-01T07:07:59+09:00,수지노외 공영주차장,13
2025-11-01T07:13:58+09:00,수지노외 공영주차장,12
2025-11-01T07:19:59+09:00,수지노외 공영주차장,12
2025-11-01T07:37:34+09:00,수지노외 공영주차장,11
2025-11-01T07:48:49+09:00,수지노외 공영주차장,11
2025-11-01T08:07:58+09:00,수지노외 공영주차장,7
2025-11-01T08:12:56+09:00,수지노외 공영주차장,6
2025-11-01T08:26:23+09:00,수지노외 공영주차장,3
2025-11-01T08:38:11+09:00,수지노외 공영주차장,3
2025-11-01T08:48:59+09:00,수지노외 공영주차장,2
2025-11-01T09:19:01+09:00,수지노외 공영주차장,2
2025-11-01T09:23:59+09:00,수지노외 공영주차장,3
2025-11-01T09:24:35+09:00,수지노외 공영주차장,2
2025-11-01T09:26:01+09:00,수지노외 공영주차장,3
2025-11-01T10:08:26+09:00,수지노외 공영주차장,3
2025-11-01T10:13:47+09:00,수지노외 공영주차장,2
2025-11-01T10:32:24+09:00,수지노외 공영주차장,2
2025-11-01T10:37:48+09:00,수지노외 공영주차장,3
2025-11-01T10:57:05+09:00,수지노외 공영주차장,3
2025-11-01T11:07:28+09:00,수지노외 공영주차장,2
2025-11-01T11:13:55+09:00,수지노외 공영주차장,3
2025-11-01T11:19:30+09:00,수지노외 공영주차장,2
2025-11-01T12:48:16+09:00,수지노외 공영주차장,2
2025-11-01T12:56:25+09:00,수지노외 공영주차장,3
2025-11-01T13:19:28+09:00,수지노외 공영주차장,3
2025-11-01T13:33:01+09:00,수지노외 공영주차장,2
2025-11-01T13:56:19+09:00,수지노외 공영주차장,2
2025-11-01T14:08:11+09:00,수지노외 공영주차장,3
2025-11-01T14:19:48+09:00,수지노외 공영주차장,5
2025-11-01T14:26:42+09:00,수지노외 공영주차장,6
2025-11-01T14:43:39+09:00,수지노외 공영주차장,4
2025-11-01T14:48:58+09:00,수지노외 공영주차장,3
2025-11-01T14:56:56+09:00,수지노외 공영주차장,5
2025-11-01T15:07:23+09:00,수지노외 공영주차장,4
2025-11-01T15:13:53+09:00,수지노외 공영주차장,5
2025-11-01T15:19:46+09:00,수지노외 공영주차장,5
2025-11-01T15:32:51+09:00,수지노외 공영주차장,4
2025-11-01T15:38:03+09:00,수지노외 공영주차장,4
2025-11-01T15:43:39+09:00,수지노외 공영주차장,6
2025-11-01T15:49:07+09:00,수지노외 공영주차장,5
2025-11-01T15:56:49+09:00,수지노외 공영주차장,4
2025-11-01T16:27:13+09:00,수지노외 공영주차장,4
2025-11-01T16:33:16+09:00,수지노외 공영주차장,5
2025-11-01T16:37:40+09:00,수지노외 공영주차장,2
2025-11-01T16:43:47+09:00,수지노외 공영주차장,6
2025-11-01T16:57:05+09:00,수지노외 공영주차장,7
2025-11-01T17:07:33+09:00,수지노외 공영주차장,5
2025-11-01T17:13:45+09:00,수지노외 공영주차장,6
2025-11-01T17:17:21+09:00,수지노외 공영주차장,6
2025-11-01T17:19:42+09:00,수지노외 공영주차장,4
2025-11-01T17:32:35+09:00,수지노외 공영주차장,4
2025-11-01T17:38:15+09:00,수지노외 공영주차장,5
2025-11-01T17:44:05+09:00,수지노외 공영주차장,7
2025-11-01T17:48:23+09:00,수지노외 공영주차장,7
2025-11-01T17:57:13+09:00,수지노외 공영주차장,9
2025-11-01T18:14:01+09:00,수지노외 공영주차장,5
2025-11-01T18:20:13+09:00,수지노외 공영주차장,3
2025-11-01T18:26:56+09:00,수지노외 공영주차장,4
2025-11-01T18:32:24+09:00,수지노외 공영주차장,4
2025-11-01T18:38:13+09:00,수지노외 공영주차장,3
2025-11-01T18:48:56+09:00,수지노외 공영주차장,4
2025-11-01T19:07:47+09:00,수지노외 공영주차장,5
2025-11-01T19:13:47+09:00,수지노외 공영주차장,5
2025-11-01T19:26:19+09:00,수지노외 공영주차장,4
2025-11-01T19:32:31+09:00,수지노외 공영주차장,3
2025-11-01T19:38:03+09:00,수지노외 공영주차장,3
2025-11-01T19:56:33+09:00,수지노외 공영주차장,4
2025-11-01T20:08:30+09:00,수지노외 공영주차장,2
2025-11-01T20:27:13+09:00,수지노외 공영주차장,2
2025-11-01T20:37:37+09:00,수지노외 공영주차장,3
2025-11-01T20:44:09+09:00,수지노외 공영주차장,3
2025-11-01T20:48:23+09:00,수지노외 공영주차장,2
2025-11-01T20:57:17+09:00,수지노외 공영주차장,5
2025-11-01T21:07:38+09:00,수지노외 공영주차장,6
2025-11-01T21:13:42+09:00,수지노외 공영주차장,6
2025-11-01T21:20:09+09:00,수지노외 공영주차장,5
2025-11-01T21:32:26+09:00,수지노외 공영주차장,5
2025-11-01T21:44:17+09:00,수지노외 공영주차장,3
2025-11-01T22:07:59+09:00,수지노외 공영주차장,10
2025-11-01T22:26:59+09:00,수지노외 공영주차장,12
2025-11-01T22:32:53+09:00,수지노외 공영주차장,13
2025-11-01T22:48:24+09:00,수지노외 공영주차장,16
2025-11-01T22:57:10+09:00,수지노외 공영주차장,16
2025-11-01T23:07:43+09:00,수지노외 공영주차장,17
2025-11-01T23:11:30+09:00,수지노외 공영주차장,17
