ts_kst,vehId,plateNo,predict_sec,remain_seat,state_cd,flag,location_no
2026-09-17T13:13:18+09:00,0,,0,0,0,PASS,
2026-09-17T13:14:20+09:00,0,,0,0,0,PASS,
2026-09-17T13:15:22+09:00,0,,0,0,0,PASS,
2026-09-17T13:16:24+09:00,0,,0,0,0,PASS,
2026-09-17T13:40:29+09:00,204001377,경기70아7045,545,44,,PASS,
2026-09-17T13:41:31+09:00,204001377,경기70아7045,571,44,,PASS,
2026-09-17T13:42:33+09:00,204001377,경기70아7045,571,44,,PASS,
2026-09-17T13:43:35+09:00,204001377,경기70아7045,571,44,,PASS,
2026-09-17T21:32:44+09:00,204003592,경기70아6518,400,44,,PASS,
2026-09-17T21:33:46+09:00,204003592,경기70아6518,400,44,,PASS,
2026-09-17T21:34:48+09:00,204001379,경기70아7047,92,43,,PASS,
2026-09-17T21:35:50+09:00,204001379,경기70아7047,150,43,,PASS,
2026-09-18T12:17:05+09:00,,,,,,PASS,
2026-09-18T12:18:07+09:00,,,,,,PASS,
2026-09-18T12:19:08+09:00,,,,,,PASS,
2026-09-18T12:20:10+09:00,,,,,,PASS,
2026-09-18T17:25:05+09:00,,,,,,PASS,
2026-09-18T17:26:07+09:00,,,,,,PASS,
2026-09-18T17:27:09+09:00,,,,,,PASS,
2026-09-18T17:28:11+09:00,,,,,,PASS,
2026-09-21T01:13:43+09:00,,,,,,PASS,
2026-09-21T01:14:53+09:00,,,,,,PASS,
2026-09-21T01:15:55+09:00,,,,,,PASS,
2026-09-21T01:16:57+09:00,,,,,,PASS,
2026-09-21T01:39:51+09:00,,,,,,PASS,
2026-09-21T01:40:52+09:00,,,,,,PASS,
2026-09-21T01:41:53+09:00,,,,,,PASS,
2026-09-21T01:42:55+09:00,,,,,,PASS,
2026-09-21T08:51:22+09:00,,,,,,PASS,
2026-09-21T08:52:23+09:00,,,,,,PASS,
2026-09-21T08:53:25+09:00,,,,,,PASS,
2026-09-21T08:54:26+09:00,,,,,,PASS,
2026-09-21T12:25:17+09:00,,,,,,PASS,
2026-09-21T12:26:18+09:00,,,,,,PASS,
2026-09-21T12:27:20+09:00,,,,,,PASS,
2026-09-21T12:28:22+09:00,,,,,,PASS,
2026-09-21T22:52:31+09:00,,,,,,PASS,
2026-09-21T22:53:33+09:00,,,,,,PASS,
2026-09-21T22:54:34+09:00,,,,,,PASS,
2026-09-21T22:55:35+09:00,,,,,,PASS,
2026-09-22T03:25:11+09:00,,,,,,PASS,
2026-09-22T03:26:21+09:00,,,,,,PASS,
2026-09-22T03:27:22+09:00,,,,,,PASS,
2026-09-22T03:28:34+09:00,,,,,,PASS,
2026-09-22T19:59:32+09:00,,,,,,PASS,
2026-09-22T20:00:33+09:00,,,,,,PASS,
2026-09-22T20:01:34+09:00,,,,,,PASS,
2026-09-22T20:02:35+09:00,,,,,,PASS,
2026-09-22T21:31:34+09:00,204001377,경기70아7045,551,44,,PASS,
2026-09-22T21:32:35+09:00,204001377,경기70아7045,551,44,,PASS,
2026-09-22T21:33:37+09:00,204001377,경기70아7045,553,44,,PASS,
2026-09-22T21:34:38+09:00,204001377,경기70아7045,553,44,,PASS,
2026-09-23T02:19:23+09:00,,,,,,PASS,
2026-09-23T02:20:24+09:00,,,,,,PASS,
2026-09-23T02:21:26+09:00,,,,,,PASS,
2026-09-23T02:22:27+09:00,,,,,,PASS,
2026-09-23T02:28:42+09:00,,,,,,PASS,
2026-09-23T02:29:43+09:00,,,,,,PASS,
2026-09-23T02:30:49+09:00,,,,,,PASS,
2026-09-23T02:31:51+09:00,,,,,,PASS,
2026-09-23T13:35:16+09:00,204001377,경기70아7045,674,44,,PASS,
2026-09-23T13:36:18+09:00,204001377,경기70아7045,625,44,,PASS,
2026-09-23T13:37:20+09:00,204001377,경기70아7045,559,44,,PASS,
2026-09-23T13:38:21+09:00,204001377,경기70아7045,539,44,,PASS,
2026-09-23T18:44:45+09:00,,,,,,PASS,
2026-09-23T18:45:46+09:00,,,,,,PASS,
2026-09-23T18:46:48+09:00,,,,,,PASS,
2026-09-23T18:47:50+09:00,,,,,,PASS,
2026-09-24T02:29:38+09:00,,,,,,PASS,
2026-09-24T02:30:40+09:00,,,,,,PASS,
2026-09-24T02:31:42+09:00,,,,,,PASS,
2026-09-24T02:32:44+09:00,,,,,,PASS,
2026-09-24T02:38:13+09:00,,,,,,PASS,
2026-09-24T02:39:15+09:00,,,,,,PASS,
2026-09-24T02:40:33+09:00,,,,,,PASS,
2026-09-24T02:41:34+09:00,,,,,,PASS,
2026-09-24T14:10:09+09:00,204003592,경기70아6518,517,44,,PASS,
2026-09-24T14:11:11+09:00,204003592,경기70아6518,430,44,,PASS,
2026-09-24T14:12:13+09:00,204003592,경기70아6518,430,44,,PASS,
2026-09-24T14:13:15+09:00,204003592,경기70아6518,430,44,,PASS,
2026-09-24T21:40:30+09:00,,,,,,PASS,
2026-09-24T21:41:33+09:00,,,,,,PASS,
2026-09-24T21:42:34+09:00,,,,,,PASS,
2026-09-24T21:43:35+09:00,,,,,,PASS,
2026-09-25T02:42:02+09:00,,,,,,PASS,
2026-09-25T02:43:04+09:00,,,,,,PASS,
2026-09-25T02:44:06+09:00,,,,,,PASS,
2026-09-25T02:45:07+09:00,,,,,,PASS,
2026-09-25T14:12:28+09:00,204003591,경기70아6517,297,44,,PASS,
2026-09-25T14:13:30+09:00,204003591,경기70아6517,297,44,,PASS,
2026-09-25T14:14:32+09:00,204003591,경기70아6517,297,44,,PASS,
2026-09-25T14:15:35+09:00,204003591,경기70아6517,297,44,,PASS,
2026-09-28T02:23:11+09:00,,,,,,PASS,
2026-09-28T02:24:17+09:00,,,,,,PASS,
2026-09-28T02:25:19+09:00,,,,,,PASS,
2026-09-28T02:26:21+09:00,,,,,,PASS,
2026-09-28T09:18:14+09:00,,,,,,PASS,
2026-09-28T09:19:15+09:00,,,,,,PASS,
2026-09-28T09:20:16+09:00,,,,,,PASS,
2026-09-28T09:21:17+09:00,,,,,,PASS,
2026-09-28T14:42:22+09:00,,,,,,PASS,
2026-09-28T14:43:23+09:00,,,,,,PASS,
2026-09-28T14:44:25+09:00,,,,,,PASS,
2026-09-28T14:45:26+09:00,,,,,,PASS,
2026-09-28T18:54:35+09:00,,,,,,PASS,
2026-09-28T18:55:35+09:00,,,,,,PASS,
2026-09-28T18:56:35+09:00,,,,,,PASS,
2026-09-28T18:57:35+09:00,,,,,,PASS,
2026-09-28T18:58:35+09:00,,,,,,PASS,
2026-09-28T18:59:35+09:00,,,,,,PASS,
2026-09-28T19:00:35+09:00,204001379,경기70아7047,851,44,,PASS,5
2026-09-28T19:01:35+09:00,204001379,경기70아7047,1080,44,,PASS,5
2026-09-28T19:02:35+09:00,204001379,경기70아7047,923,44,,PASS,2
2026-09-28T19:03:35+09:00,204001379,경기70아7047,923,44,,PASS,2
2026-09-28T19:04:35+09:00,204001379,경기70아7047,923,44,,PASS,2
2026-09-28T19:05:35+09:00,204001379,경기70아7047,791,42,,PASS,1
2026-09-28T19:06:35+09:00,204001379,경기70아7047,791,42,,PASS,1
2026-09-28T19:07:35+09:00,204001379,경기70아7047,270,42,,PASS,1
2026-09-28T19:08:35+09:00,204001379,경기70아7047,195,42,,PASS,1
2026-09-28T19:09:35+09:00,204001379,경기70아7047,195,42,,PASS,1
2026-09-28T19:10:35+09:00,204001379,경기70아7047,195,42,,PASS,1
2026-09-28T19:11:35+09:00,,,,,,PASS,
2026-09-28T19:12:35+09:00,,,,,,PASS,
2026-09-28T19:13:35+09:00,,,,,,PASS,
2026-09-28T19:14:35+09:00,,,,,,PASS,
2026-09-28T19:15:35+09:00,,,,,,PASS,
2026-09-28T19:16:35+09:00,,,,,,PASS,
2026-09-28T19:17:35+09:00,,,,,,PASS,
2026-09-28T19:18:35+09:00,,,,,,PASS,
2026-09-28T19:19:35+09:00,,,,,,PASS,
2026-09-28T19:20:35+09:00,,,,,,PASS,
2026-09-28T19:21:35+09:00,,,,,,PASS,
2026-09-28T19:22:35+09:00,,,,,,PASS,
2026-09-28T19:23:35+09:00,,,,,,PASS,
2026-09-28T19:24:35+09:00,,,,,,PASS,
2026-09-28T19:25:35+09:00,,,,,,PASS,
2026-09-28T19:26:35+09:00,,,,,,PASS,
2026-09-28T19:27:35+09:00,,,,,,PASS,
2026-09-28T19:28:35+09:00,,,,,,PASS,
2026-09-28T19:29:35+09:00,,,,,,PASS,
2026-09-28T19:30:35+09:00,,,,,,PASS,
2026-09-28T19:31:35+09:00,,,,,,PASS,
2026-09-28T19:32:35+09:00,,,,,,PASS,
2026-09-28T19:33:35+09:00,,,,,,PASS,
2026-09-28T19:34:35+09:00,,,,,,PASS,
2026-09-28T19:35:35+09:00,,,,,,PASS,
2026-09-28T19:36:35+09:00,,,,,,PASS,
2026-09-28T19:37:35+09:00,,,,,,PASS,
2026-09-28T19:38:35+09:00,,,,,,PASS,
2026-09-28T19:39:35+09:00,,,,,,PASS,
2026-09-28T19:40:35+09:00,,,,,,PASS,
2026-09-28T19:41:35+09:00,204003592,경기70아6518,668,44,,PASS,5
2026-09-28T19:42:35+09:00,204003592,경기70아6518,585,44,,PASS,3
2026-09-28T19:43:35+09:00,204003592,경기70아6518,585,44,,PASS,3
2026-09-28T19:44:35+09:00,204003592,경기70아6518,585,44,,PASS,3
2026-09-28T19:45:35+09:00,204003592,경기70아6518,585,44,,PASS,3
2026-09-28T19:46:35+09:00,204003592,경기70아6518,585,44,,PASS,3
2026-09-28T19:47:35+09:00,204003592,경기70아6518,391,42,,PASS,1
2026-09-28T19:48:35+09:00,204003592,경기70아6518,391,42,,PASS,1
