ts_kst,vehId,from_station,to_station,note
2026-09-17T13:40:29+09:00,204001377,206000565,205000029,same_veh_at_both
2026-09-17T13:41:31+09:00,204001377,206000565,205000029,same_veh_at_both
2026-09-17T13:42:33+09:00,204001377,206000565,205000029,same_veh_at_both
2026-09-17T13:43:35+09:00,204001377,206000565,205000029,same_veh_at_both
2026-09-17T21:34:48+09:00,204001379,206000565,205000029,same_veh_at_both
2026-09-17T21:35:50+09:00,204001379,206000565,205000029,same_veh_at_both
2026-09-23T13:35:16+09:00,204001377,206000565,205000029,same_veh_at_both
2026-09-23T13:36:18+09:00,204001377,206000565,205000029,same_veh_at_both
2026-09-23T13:37:20+09:00,204001377,206000565,205000029,same_veh_at_both
2026-09-23T13:38:21+09:00,204001377,206000565,205000029,same_veh_at_both
2026-09-24T14:10:09+09:00,204003592,206000565,205000029,same_veh_at_both
2026-09-24T14:11:11+09:00,204003592,206000565,205000029,same_veh_at_both
2026-09-24T14:12:13+09:00,204003592,206000565,205000029,same_veh_at_both
2026-09-24T14:13:15+09:00,204003592,206000565,205000029,same_veh_at_both
2026-09-25T14:12:28+09:00,204003591,206000565,205000029,same_veh_at_both
2026-09-25T14:13:30+09:00,204003591,206000565,205000029,same_veh_at_both
2026-09-25T14:14:32+09:00,204003591,206000565,205000029,same_veh_at_both
2026-09-25T14:15:35+09:00,204003591,206000565,205000029,same_veh_at_both
2026-09-28T19:00:35+09:00,204001379,206000565,205000029,same_veh_at_both
2026-09-28T19:01:35+09:00,204001379,206000565,205000029,same_veh_at_both
2026-09-28T19:02:35+09:00,204001379,206000565,205000029,same_veh_at_both
2026-09-28T19:03:35+09:00,204001379,206000565,205000029,same_veh_at_both
2026-09-28T19:04:35+09:00,204001379,206000565,205000029,same_veh_at_both
2026-09-28T19:05:35+09:00,204001379,206000565,205000029,same_veh_at_both
2026-09-28T19:06:35+09:00,204001379,206000565,205000029,same_veh_at_both
2026-09-28T19:07:35+09:00,204001379,206000565,205000029,same_veh_at_both
2026-09-28T19:08:35+09:00,204001379,206000565,205000029,same_veh_at_both
2026-09-28T19:09:35+09:00,204001379,206000565,205000029,same_veh_at_both
2026-09-28T19:10:35+09:00,204001379,206000565,205000029,same_veh_at_both
2026-09-28T19:41:35+09:00,204003592,206000565,205000029,same_veh_at_both
2026-09-28T19:42:35+09:00,204003592,206000565,205000029,same_veh_at_both
2026-09-28T19:43:35+09:00,204003592,206000565,205000029,same_veh_at_both
2026-09-28T19:44:35+09:00,204003592,206000565,205000029,same_veh_at_both
2026-09-28T19:45:35+09:00,204003592,206000565,205000029,same_veh_at_both
2026-09-28T19:46:35+09:00,204003592,206000565,205000029,same_veh_at_both
2026-09-28T19:47:35+09:00,204003592,206000565,205000029,same_veh_at_both
2026-09-28T19:48:35+09:00,204003592,206000565,205000029,same_veh_at_both
2026-09-28T19:49:35+09:00,204003592,206000565,205000029,same_veh_at_both
2026-09-28T19:50:35+09:00,204003592,206000565,205000029,same_veh_at_both
2026-09-28T19:51:35+09:00,204003592,206000565,205000029,same_veh_at_both
2026-09-28T19:52:35+09:00,204003592,206000565,205000029,same_veh_at_both
2026-09-28T19:53:35+09:00,204003592,206000565,205000029,same_veh_at_both
2026-09-28T19:54:35+09:00,204003592,206000565,205000029,same_veh_at_both
2026-09-28T20:16:35+09:00,204003593,206000565,205000029,same_veh_at_both
2026-09-28T20:17:35+09:00,204003593,206000565,205000029,same_veh_at_both
2026-09-28T20:18:35+09:00,204003593,206000565,205000029,same_veh_at_both
2026-09-28T20:19:35+09:00,204003593,206000565,205000029,same_veh_at_both
2026-09-28T20:20:35+09:00,204003593,206000565,205000029,same_veh_at_both
2026-09-28T20:21:35+09:00,204003593,206000565,205000029,same_veh_at_both
2026-09-28T21:07:35+09:00,204003591,206000565,205000029,same_veh_at_both
2026-09-28T21:08:35+09:00,204003591,206000565,205000029,same_veh_at_both
2026-09-28T21:09:35+09:00,204003591,206000565,205000029,same_veh_at_both
2026-09-28T21:10:35+09:00,204003591,206000565,205000029,same_veh_at_both
2026-09-28T21:11:35+09:00,204003591,206000565,205000029,same_veh_at_both
2026-09-28T21:12:35+09:00,204003591,206000565,205000029,same_veh_at_both
2026-09-28T21:34:35+09:00,204001377,206000565,205000029,same_veh_at_both
2026-09-28T21:35:35+09:00,204001377,206000565,205000029,same_veh_at_both
2026-09-28T21:36:35+09:00,204001377,206000565,205000029,same_veh_at_both
2026-09-28T21:37:35+09:00,204001377,206000565,205000029,same_veh_at_both
2026-09-28T21:38:35+09:00,204001377,206000565,205000029,same_veh_at_both
2026-09-28T21:39:35+09:00,204001377,206000565,205000029,same_veh_at_both
2026-09-29T16:31:18+09:00,204001378,206000565,205000029,same_veh_at_both
2026-09-29T16:32:18+09:00,204001378,206000565,205000029,same_veh_at_both
2026-09-29T16:33:18+09:00,204001378,206000565,205000029,same_veh_at_both
2026-09-29T16:34:18+09:00,204001378,206000565,205000029,same_veh_at_both
2026-09-29T16:35:18+09:00,204001378,206000565,205000029,same_veh_at_both
2026-09-29T16:36:18+09:00,204001378,206000565,205000029,same_veh_at_both
2026-09-29T16:37:18+09:00,204001378,206000565,205000029,same_veh_at_both
2026-09-29T16:38:18+09:00,204001378,206000565,205000029,same_veh_at_both
2026-09-29T16:39:18+09:00,204001378,206000565,205000029,same_veh_at_both
2026-09-29T16:40:18+09:00,204001378,206000565,205000029,same_veh_at_both
2026-09-29T16:41:18+09:00,204001378,206000565,205000029,same_veh_at_both
2026-09-29T16:42:18+09:00,204001378,206000565,205000029,same_veh_at_both
2026-09-29T16:43:18+09:00,204001378,206000565,205000029,same_veh_at_both
2026-09-29T16:44:18+09:00,204001378,206000565,205000029,same_veh_at_both
2026-09-29T16:45:18+09:00,204001378,206000565,205000029,same_veh_at_both
2026-09-29T16:46:18+09:00,204001378,206000565,205000029,same_veh_at_both
2026-09-29T16:47:18+09:00,204001378,206000565,205000029,same_veh_at_both
2026-09-29T17:17:18+09:00,204003591,206000565,205000029,same_veh_at_both
2026-09-29T17:47:18+09:00,204001377,206000565,205000029,same_veh_at_both
2026-09-29T18:14:18+09:00,204001379,206000565,205000029,same_veh_at_both
2026-09-29T18:15:18+09:00,204001379,206000565,205000029,same_veh_at_both
2026-09-29T18:16:18+09:00,204001379,206000565,205000029,same_veh_at_both
2026-09-29T18:17:18+09:00,204001379,206000565,205000029,same_veh_at_both
2026-09-29T18:18:18+09:00,204001379,206000565,205000029,same_veh_at_both
2026-09-29T18:19:18+09:00,204001379,206000565,205000029,same_veh_at_both
2026-09-29T18:20:18+09:00,204001379,206000565,205000029,same_veh_at_both
2026-09-29T18:21:18+09:00,204001379,206000565,205000029,same_veh_at_both
2026-09-29T18:22:18+09:00,204001379,206000565,205000029,same_veh_at_both
2026-09-29T18:23:18+09:00,204001379,206000565,205000029,same_veh_at_both
2026-09-29T18:24:18+09:00,204001379,206000565,205000029,same_veh_at_both
2026-09-29T18:25:18+09:00,204001379,206000565,205000029,same_veh_at_both
2026-09-29T18:26:18+09:00,204001379,206000565,205000029,same_veh_at_both
2026-09-29T18:27:18+09:00,204001379,206000565,205000029,same_veh_at_both
2026-09-29T18:28:18+09:00,204001379,206000565,205000029,same_veh_at_both
2026-09-29T18:29:18+09:00,204001379,206000565,205000029,same_veh_at_both
2026-09-29T18:30:18+09:00,204001379,206000565,205000029,same_veh_at_both
2026-09-29T18:31:18+09:00,204001379,206000565,205000029,same_veh_at_both
2026-09-29T18:32:18+09:00,204001379,206000565,205000029,same_veh_at_both
2026-09-29T18:33:18+09:00,204001379,206000565,205000029,same_veh_at_both
2026-09-29T18:34:18+09:00,204001379,206000565,205000029,same_veh_at_both
2026-09-29T19:02:18+09:00,204003592,206000565,205000029,same_veh_at_both
2026-09-29T19:03:18+09:00,204003592,206000565,205000029,same_veh_at_both
2026-09-29T19:04:18+09:00,204003592,206000565,205000029,same_veh_at_both
2026-09-29T19:05:18+09:00,204003592,206000565,205000029,same_veh_at_both
2026-09-29T19:06:18+09:00,204003592,206000565,205000029,same_veh_at_both
2026-09-29T19:07:18+09:00,204003592,206000565,205000029,same_veh_at_both
2026-09-29T19:08:18+09:00,204003592,206000565,205000029,same_veh_at_both
2026-09-29T19:09:18+09:00,204003592,206000565,205000029,same_veh_at_both
2026-09-29T19:10:18+09:00,204003592,206000565,205000029,same_veh_at_both
2026-09-29T19:11:18+09:00,204003592,206000565,205000029,same_veh_at_both
2026-09-29T19:12:18+09:00,204003592,206000565,205000029,same_veh_at_both
2026-09-29T19:13:18+09:00,204003592,206000565,205000029,same_veh_at_both
2026-09-29T19:14:18+09:00,204003592,206000565,205000029,same_veh_at_both
2026-09-29T19:15:18+09:00,204003592,206000565,205000029,same_veh_at_both
2026-09-29T19:16:18+09:00,204003592,206000565,205000029,same_veh_at_both
2026-09-29T19:17:18+09:00,204003592,206000565,205000029,same_veh_at_both
2026-09-29T19:50:18+09:00,204003593,206000565,205000029,same_veh_at_both
